135,136,143,cadence,cycle_length16,distance,enhanced_speed,fractional_cadence,heart_rate,timestamp
3,90,63,0,0.0,0.0,0.0,0.0,90,2025-06-02 14:57:42+00:00
1,93,63,0,0.0,0.0,0.0,0.0,93,2025-06-02 14:57:51+00:00
0,96,63,0,0.0,0.0,0.0,0.0,96,2025-06-02 14:57:57+00:00
1,93,63,0,0.0,0.0,0.0,0.0,93,2025-06-02 14:58:04+00:00
1,90,63,0,0.0,0.0,0.0,0.0,90,2025-06-02 14:58:13+00:00
2,87,63,0,0.0,0.0,0.0,0.0,87,2025-06-02 14:58:23+00:00
2,90,63,0,0.0,0.0,0.0,0.0,90,2025-06-02 14:58:43+00:00
2,93,63,0,0.0,0.0,0.0,0.0,93,2025-06-02 14:59:09+00:00
0,90,63,0,0.0,0.0,0.0,0.0,90,2025-06-02 14:59:19+00:00
2,93,63,0,0.0,0.0,0.0,0.0,93,2025-06-02 14:59:44+00:00
1,96,62,0,0.0,0.0,0.0,0.0,96,2025-06-02 15:01:49+00:00
2,93,62,0,0.0,0.0,0.0,0.0,93,2025-06-02 15:02:05+00:00
2,90,62,0,0.0,0.0,0.0,0.0,90,2025-06-02 15:02:09+00:00
1,94,62,0,0.0,0.0,0.0,0.0,94,2025-06-02 15:02:41+00:00
1,97,62,0,0.0,0.0,0.0,0.0,97,2025-06-02 15:02:43+00:00
2,94,62,0,0.0,0.0,0.0,0.0,94,2025-06-02 15:03:08+00:00
2,91,62,0,0.0,0.0,0.0,0.0,91,2025-06-02 15:03:23+00:00
0,94,62,0,0.0,0.0,0.0,0.0,94,2025-06-02 15:03:43+00:00
0,97,62,0,0.0,0.0,0.0,0.0,97,2025-06-02 15:03:57+00:00
2,94,62,0,0.0,0.0,0.0,0.0,94,2025-06-02 15:04:06+00:00
1,91,62,0,0.0,0.0,0.0,0.0,91,2025-06-02 15:04:13+00:00
1,94,62,0,0.0,0.0,0.0,0.0,94,2025-06-02 15:04:46+00:00
2,97,62,0,0.0,0.0,0.0,0.0,97,2025-06-02 15:05:01+00:00
2,94,62,0,0.0,0.0,0.0,0.0,94,2025-06-02 15:05:18+00:00
2,91,62,0,0.0,0.0,0.0,0.0,91,2025-06-02 15:05:30+00:00
1,94,62,0,0.0,0.0,0.0,0.0,94,2025-06-02 15:05:41+00:00
0,97,62,0,0.0,0.0,0.0,0.0,97,2025-06-02 15:05:45+00:00
1,100,62,0,0.0,0.0,0.0,0.0,100,2025-06-02 15:05:47+00:00
1,103,62,0,0.0,0.0,0.0,0.0,103,2025-06-02 15:05:51+00:00
1,106,62,0,0.0,0.0,0.0,0.0,106,2025-06-02 15:05:59+00:00
1,103,62,0,0.0,0.0,0.0,0.0,103,2025-06-02 15:06:04+00:00
1,100,62,0,0.0,0.0,0.0,0.0,100,2025-06-02 15:06:07+00:00
2,97,62,0,0.0,0.0,0.0,0.0,97,2025-06-02 15:06:21+00:00
1,101,62,0,0.0,0.0,0.0,0.0,101,2025-06-02 15:06:40+00:00
0,104,62,0,0.0,0.0,0.0,0.0,104,2025-06-02 15:06:41+00:00
0,104,62,0,0.0,0.0,0.0,0.0,104,2025-06-02 15:06:42+00:00
3,101,62,0,0.0,0.0,0.0,0.0,101,2025-06-02 15:07:06+00:00
2,98,62,0,0.0,0.0,0.0,0.0,98,2025-06-02 15:07:10+00:00
2,95,62,0,0.0,0.0,0.0,0.0,95,2025-06-02 15:07:21+00:00
2,92,62,0,0.0,0.0,0.0,0.0,92,2025-06-02 15:07:27+00:00
3,95,62,0,0.0,0.0,0.0,0.0,95,2025-06-02 15:07:43+00:00
3,98,62,0,0.0,0.0,0.0,0.0,98,2025-06-02 15:07:52+00:00
1,101,62,0,0.0,0.0,0.0,0.0,101,2025-06-02 15:07:57+00:00
1,98,62,0,0.0,0.0,0.0,0.0,98,2025-06-02 15:08:12+00:00
1,95,62,0,0.0,0.0,0.0,0.0,95,2025-06-02 15:08:15+00:00
1,98,62,0,0.0,0.0,0.0,0.0,98,2025-06-02 15:08:41+00:00
1,101,62,0,0.0,0.0,0.0,0.0,101,2025-06-02 15:08:46+00:00
2,104,62,0,0.0,0.0,0.0,0.0,104,2025-06-02 15:08:55+00:00
1,101,62,0,0.0,0.0,0.0,0.0,101,2025-06-02 15:09:21+00:00
0,104,62,0,0.0,0.0,0.0,0.0,104,2025-06-02 15:09:43+00:00
1,107,62,0,0.0,0.0,0.0,0.0,107,2025-06-02 15:09:50+00:00
2,110,62,0,0.0,0.0,0.0,0.0,110,2025-06-02 15:09:54+00:00
1,113,62,0,0.0,0.0,0.0,0.0,113,2025-06-02 15:09:57+00:00
1,110,61,0,0.0,0.0,0.0,0.0,110,2025-06-02 15:10:10+00:00
2,107,61,0,0.0,0.0,0.0,0.0,107,2025-06-02 15:10:22+00:00
1,104,61,0,0.0,0.0,0.0,0.0,104,2025-06-02 15:10:25+00:00
1,101,61,0,0.0,0.0,0.0,0.0,101,2025-06-02 15:10:30+00:00
1,104,61,0,0.0,0.0,0.0,0.0,104,2025-06-02 15:10:50+00:00
0,107,61,0,0.0,0.0,0.0,0.0,107,2025-06-02 15:10:59+00:00
1,104,61,0,0.0,0.0,0.0,0.0,104,2025-06-02 15:11:04+00:00
2,101,61,0,0.0,0.0,0.0,0.0,101,2025-06-02 15:11:11+00:00
2,98,61,0,0.0,0.0,0.0,0.0,98,2025-06-02 15:11:26+00:00
2,101,61,0,0.0,0.0,0.0,0.0,101,2025-06-02 15:11:40+00:00
2,104,61,0,0.0,0.0,0.0,0.0,104,2025-06-02 15:11:42+00:00
2,107,61,0,0.0,0.0,0.0,0.0,107,2025-06-02 15:11:45+00:00
2,111,61,0,0.0,0.0,0.0,0.0,111,2025-06-02 15:11:48+00:00
2,114,61,0,0.0,0.0,0.0,0.0,114,2025-06-02 15:11:51+00:00
2,117,61,0,0.0,0.0,0.0,0.0,117,2025-06-02 15:11:54+00:00
1,114,61,0,0.0,0.0,0.0,0.0,114,2025-06-02 15:12:19+00:00
1,111,61,0,0.0,0.0,0.0,0.0,111,2025-06-02 15:12:21+00:00
1,108,61,0,0.0,0.0,0.0,0.0,108,2025-06-02 15:12:25+00:00
2,105,61,0,0.0,0.0,0.0,0.0,105,2025-06-02 15:12:31+00:00
2,102,61,0,0.0,0.0,0.0,0.0,102,2025-06-02 15:12:37+00:00
0,105,61,0,0.0,0.0,0.0,0.0,105,2025-06-02 15:12:39+00:00
1,110,61,0,0.0,0.0,0.0,0.0,110,2025-06-02 15:12:47+00:00
1,113,61,0,0.0,0.0,0.0,0.0,113,2025-06-02 15:12:49+00:00
1,116,61,0,0.0,0.0,0.0,0.0,116,2025-06-02 15:12:58+00:00
0,113,61,0,0.0,0.0,0.0,0.0,113,2025-06-02 15:13:07+00:00
1,110,61,0,0.0,0.0,0.0,0.0,110,2025-06-02 15:13:14+00:00
2,107,61,0,0.0,0.0,0.0,0.0,107,2025-06-02 15:13:23+00:00
0,110,61,0,0.0,0.0,0.0,0.0,110,2025-06-02 15:13:43+00:00
1,113,61,0,0.0,0.0,0.0,0.0,113,2025-06-02 15:13:51+00:00
1,116,61,0,0.0,0.0,0.0,0.0,116,2025-06-02 15:13:59+00:00
1,113,61,0,0.0,0.0,0.0,0.0,113,2025-06-02 15:14:05+00:00
1,110,61,0,0.0,0.0,0.0,0.0,110,2025-06-02 15:14:08+00:00
2,107,61,0,0.0,0.0,0.0,0.0,107,2025-06-02 15:14:18+00:00
2,104,61,0,0.0,0.0,0.0,0.0,104,2025-06-02 15:14:29+00:00
2,107,61,0,0.0,0.0,0.0,0.0,107,2025-06-02 15:14:38+00:00
2,110,61,0,0.0,0.0,0.0,0.0,110,2025-06-02 15:14:44+00:00
2,113,61,0,0.0,0.0,0.0,0.0,113,2025-06-02 15:14:49+00:00
1,116,61,0,0.0,0.0,0.0,0.0,116,2025-06-02 15:14:50+00:00
1,119,61,0,0.0,0.0,0.0,0.0,119,2025-06-02 15:14:58+00:00
0,116,61,0,0.0,0.0,0.0,0.0,116,2025-06-02 15:15:07+00:00
0,113,61,0,0.0,0.0,0.0,0.0,113,2025-06-02 15:15:09+00:00
2,110,61,0,0.0,0.0,0.0,0.0,110,2025-06-02 15:15:17+00:00
2,107,61,0,0.0,0.0,0.0,0.0,107,2025-06-02 15:15:23+00:00
0,110,61,0,0.0,0.0,0.0,0.0,110,2025-06-02 15:15:50+00:00
1,113,61,0,0.0,0.0,0.0,0.0,113,2025-06-02 15:15:55+00:00
1,116,61,0,0.0,0.0,0.0,0.0,116,2025-06-02 15:16:55+00:00
1,119,61,0,0.0,0.0,0.0,0.0,119,2025-06-02 15:16:58+00:00
1,116,61,0,0.0,0.0,0.0,0.0,116,2025-06-02 15:17:13+00:00
1,113,61,0,0.0,0.0,0.0,0.0,113,2025-06-02 15:17:18+00:00
1,116,61,0,0.0,0.0,0.0,0.0,116,2025-06-02 15:17:45+00:00
2,119,61,0,0.0,0.0,0.0,0.0,119,2025-06-02 15:17:52+00:00
2,122,60,0,0.0,0.0,0.0,0.0,122,2025-06-02 15:18:17+00:00
2,125,60,0,0.0,0.0,0.0,0.0,125,2025-06-02 15:18:24+00:00
2,128,60,0,0.0,0.0,0.0,0.0,128,2025-06-02 15:18:33+00:00
1,131,60,0,0.0,0.0,0.0,0.0,131,2025-06-02 15:18:49+00:00
1,128,60,0,0.0,0.0,0.0,0.0,128,2025-06-02 15:19:08+00:00
1,125,60,0,0.0,0.0,0.0,0.0,125,2025-06-02 15:19:38+00:00
1,128,60,0,0.0,0.0,0.0,0.0,128,2025-06-02 15:19:45+00:00
0,131,60,0,0.0,0.0,0.0,0.0,131,2025-06-02 15:19:50+00:00
2,134,60,0,0.0,0.0,0.0,0.0,134,2025-06-02 15:21:45+00:00
2,131,60,0,0.0,0.0,0.0,0.0,131,2025-06-02 15:22:47+00:00
2,128,59,0,0.0,0.0,0.0,0.0,128,2025-06-02 15:23:24+00:00
1,132,59,0,0.0,0.0,0.0,0.0,132,2025-06-02 15:23:29+00:00
2,135,59,0,0.0,0.0,0.0,0.0,135,2025-06-02 15:23:38+00:00
0,132,59,0,0.0,0.0,0.0,0.0,132,2025-06-02 15:23:48+00:00
0,129,59,0,0.0,0.0,0.0,0.0,129,2025-06-02 15:23:53+00:00
2,132,59,0,0.0,0.0,0.0,0.0,132,2025-06-02 15:24:56+00:00
2,129,59,0,0.0,0.0,0.0,0.0,129,2025-06-02 15:25:18+00:00
2,126,59,0,0.0,0.0,0.0,0.0,126,2025-06-02 15:25:40+00:00
2,126,59,0,0.0,0.0,0.0,0.0,126,2025-06-02 15:25:43+00:00
