107,135,136,143,cadence,cycle_length16,distance,enhanced_altitude,enhanced_speed,fractional_cadence,heart_rate,position_lat,position_long,timestamp
0,34,88,62,56,0.0,0.0,90.39999999999998,1.25,0.5,88,543622701,222663576,2025-08-29 15:44:55+00:00
1,48,87,62,0,0.0,12.52,90.0,2.809,0.0,87,543623735,222662339,2025-08-29 15:45:00+00:00
1,48,87,62,83,0.0,25.94,90.20000000000005,2.725,0.5,87,543624812,222661027,2025-08-29 15:45:05+00:00
1,47,91,62,82,0.0,39.19,90.60000000000002,2.613,0.5,91,543625859,222659734,2025-08-29 15:45:10+00:00
1,45,94,62,85,0.0,41.89,90.60000000000002,2.613,0.0,94,543626145,222659408,2025-08-29 15:45:11+00:00
1,41,99,62,86,0.0,47.2,90.39999999999998,2.641,0.5,99,543626517,222658829,2025-08-29 15:45:13+00:00
1,41,103,62,86,0.0,51.93,90.20000000000005,2.641,0.5,103,543626876,222658374,2025-08-29 15:45:15+00:00
1,36,107,62,85,18.48,57.34,90.20000000000005,2.613,0.0,107,543627225,222657794,2025-08-29 15:45:17+00:00
1,27,108,62,85,0.0,64.47,89.60000000000002,2.622,0.0,108,543627887,222657053,2025-08-29 15:45:20+00:00
1,20,111,62,84,,75.73,89.20000000000005,2.613,0.0,111,543628634,222655870,2025-08-29 15:45:24+00:00
1,18,113,62,84,655.33,78.35,89.20000000000005,2.641,0.0,113,543628909,222655598,2025-08-29 15:45:25+00:00
1,11,118,62,85,0.0,82.88,89.20000000000005,2.631,0.0,118,543629299,222655220,2025-08-29 15:45:27+00:00
1,3,121,62,85,,85.4,89.39999999999998,2.575,0.5,121,543629567,222654990,2025-08-29 15:45:28+00:00
1,2,122,62,85,,88.02,89.20000000000005,2.575,0.5,122,543629685,222654679,2025-08-29 15:45:29+00:00
1,1,124,62,84,0.02,96.45,88.60000000000002,2.585,0.0,124,543630380,222653785,2025-08-29 15:45:32+00:00
1,1,125,62,85,4.18,106.83,88.39999999999998,2.622,0.5,125,543631170,222652725,2025-08-29 15:45:36+00:00
1,4,127,62,84,0.03,115.98,88.0,2.622,0.0,127,543631886,222651806,2025-08-29 15:45:39+00:00
1,4,129,62,85,655.24,126.05,87.39999999999998,2.659,0.5,129,543632726,222650826,2025-08-29 15:45:43+00:00
1,7,131,62,84,655.23,137.39,87.60000000000002,2.659,0.0,131,543633626,222649628,2025-08-29 15:45:47+00:00
1,10,133,62,84,655.24,148.84,87.0,2.659,0.5,133,543634491,222648530,2025-08-29 15:45:51+00:00
1,3,136,62,84,655.24,154.06,87.0,2.687,0.0,136,543634892,222647963,2025-08-29 15:45:53+00:00
1,3,137,62,86,0.0,157.01,86.79999999999995,2.687,0.0,137,543635224,222647699,2025-08-29 15:45:54+00:00
1,3,137,62,86,8.11,164.67,86.60000000000002,2.687,0.0,137,543635857,222647066,2025-08-29 15:45:57+00:00
1,3,137,62,85,0.0,177.53,86.39999999999998,2.678,0.5,137,543637007,222645940,2025-08-29 15:46:02+00:00
1,5,138,62,86,655.24,185.88,86.39999999999998,2.678,0.5,138,543637631,222645090,2025-08-29 15:46:05+00:00
1,5,138,62,86,655.2,188.98,86.39999999999998,2.678,0.0,138,543637931,222644752,2025-08-29 15:46:06+00:00
1,4,140,62,87,655.23,196.22,86.0,2.687,0.0,140,543638452,222643931,2025-08-29 15:46:09+00:00
1,2,142,62,86,83.2,208.08,85.79999999999995,2.697,0.0,142,543639319,222642640,2025-08-29 15:46:13+00:00
1,2,143,62,86,0.03,213.67,86.0,2.697,0.0,143,543639768,222642080,2025-08-29 15:46:15+00:00
1,2,143,62,87,0.0,215.75,86.0,2.697,0.0,143,543639929,222641937,2025-08-29 15:46:16+00:00
1,2,142,62,86,0.04,226.21,86.0,2.687,0.0,142,543640850,222640953,2025-08-29 15:46:20+00:00
1,3,143,62,87,0.0,233.88,86.79999999999995,2.687,0.0,143,543641378,222640121,2025-08-29 15:46:23+00:00
1,3,143,62,87,0.0,241.2,86.79999999999995,2.678,0.0,143,543642038,222639432,2025-08-29 15:46:26+00:00
1,10,145,62,87,0.0,255.16,86.79999999999995,2.669,0.0,145,543643162,222638031,2025-08-29 15:46:31+00:00
1,10,145,62,86,13.42,263.72,87.20000000000005,2.687,0.5,145,543643689,222637077,2025-08-29 15:46:34+00:00
1,15,146,62,87,13.42,271.59,87.20000000000005,2.687,0.0,146,543644316,222636254,2025-08-29 15:46:37+00:00
1,10,148,62,86,13.42,282.08,87.79999999999995,2.687,0.0,148,543645102,222635160,2025-08-29 15:46:41+00:00
1,6,149,62,87,13.42,288.9,87.60000000000002,2.678,0.0,149,543645667,222634441,2025-08-29 15:46:44+00:00
1,4,149,62,83,13.42,300.51,88.20000000000005,2.631,0.5,149,543646264,222632863,2025-08-29 15:46:49+00:00
1,4,149,62,84,0.0,311.2,87.79999999999995,2.594,0.0,149,543646677,222631380,2025-08-29 15:46:53+00:00
1,9,148,62,86,0.0,319.5,88.39999999999998,2.594,0.0,148,543647039,222630169,2025-08-29 15:46:56+00:00
1,10,149,62,87,0.0,333.42,88.79999999999995,2.631,0.0,149,543647723,222628234,2025-08-29 15:47:01+00:00
1,10,150,62,87,0.0,341.91,88.79999999999995,2.659,0.5,150,543648046,222627091,2025-08-29 15:47:04+00:00
1,10,150,62,86,0.0,353.39,88.60000000000002,2.669,0.0,150,543648605,222625496,2025-08-29 15:47:08+00:00
1,10,150,62,87,0.0,364.75,88.39999999999998,2.706,0.0,150,543649163,222624004,2025-08-29 15:47:12+00:00
1,10,150,62,87,0.0,372.19,88.79999999999995,2.697,0.0,150,543649506,222622953,2025-08-29 15:47:15+00:00
1,10,150,62,88,0.0,386.56,89.20000000000005,2.706,0.0,150,543650064,222620967,2025-08-29 15:47:20+00:00
1,10,150,62,87,0.0,395.16,89.0,2.715,0.0,150,543650504,222619770,2025-08-29 15:47:23+00:00
1,2,151,62,86,0.0,409.2,89.20000000000005,2.734,0.5,151,543651179,222617875,2025-08-29 15:47:28+00:00
1,2,151,62,87,655.15,417.32,89.20000000000005,2.734,0.0,151,543651450,222616756,2025-08-29 15:47:31+00:00
1,2,150,62,86,0.0,427.79,89.20000000000005,2.743,0.5,150,543652021,222615290,2025-08-29 15:47:35+00:00
1,2,150,62,88,0.0,439.25,89.60000000000002,2.743,0.0,150,543652578,222613711,2025-08-29 15:47:39+00:00
1,3,151,62,86,0.0,448.01,89.39999999999998,2.743,0.0,151,543652899,222612516,2025-08-29 15:47:42+00:00
1,3,151,62,87,0.0,461.86,89.60000000000002,2.771,0.5,151,543653434,222610593,2025-08-29 15:47:47+00:00
1,3,151,62,87,0.0,470.39,89.20000000000005,2.771,0.0,151,543653810,222609373,2025-08-29 15:47:50+00:00
1,4,152,62,87,0.0,480.93,89.20000000000005,2.762,0.0,152,543654364,222607951,2025-08-29 15:47:54+00:00
1,4,152,62,88,0.0,493.81,89.0,2.79,0.0,152,543654789,222606121,2025-08-29 15:47:58+00:00
1,5,152,62,88,0.0,502.55,88.60000000000002,2.809,0.0,152,543655136,222604889,2025-08-29 15:48:01+00:00
1,5,152,62,87,0.0,513.54,89.0,2.809,0.0,152,543655604,222603315,2025-08-29 15:48:05+00:00
1,5,152,62,87,0.0,522.8,89.0,2.837,0.0,152,543656046,222602054,2025-08-29 15:48:08+00:00
1,3,151,62,87,0.0,537.33,89.20000000000005,2.837,0.0,151,543656700,222600037,2025-08-29 15:48:13+00:00
1,4,151,62,87,0.0,546.11,88.79999999999995,2.855,0.0,151,543656968,222598790,2025-08-29 15:48:16+00:00
1,6,152,62,88,0.0,554.58,88.79999999999995,2.874,0.0,152,543657402,222597628,2025-08-29 15:48:19+00:00
1,5,153,62,87,0.0,569.28,89.60000000000002,2.874,0.0,153,543658022,222595527,2025-08-29 15:48:24+00:00
1,5,153,62,88,0.0,581.08,90.0,2.883,0.0,153,543658452,222593900,2025-08-29 15:48:28+00:00
1,3,153,62,87,0.0,594.99,90.20000000000005,2.893,0.0,153,543659182,222591987,2025-08-29 15:48:33+00:00
1,3,154,62,86,0.0,603.76,90.0,2.893,0.0,154,543659504,222590721,2025-08-29 15:48:36+00:00
1,2,153,62,88,0.0,622.14,90.60000000000002,2.902,0.0,153,543660374,222588264,2025-08-29 15:48:42+00:00
1,1,154,62,88,0.0,629.63,90.79999999999995,2.911,0.0,154,543660523,222587154,2025-08-29 15:48:45+00:00
1,1,154,62,88,0.0,638.0,90.20000000000005,2.893,0.0,154,543660989,222585987,2025-08-29 15:48:48+00:00
1,2,154,62,88,0.0,652.85,90.60000000000002,2.902,0.0,154,543661657,222583978,2025-08-29 15:48:53+00:00
1,2,155,62,88,0.0,661.12,90.20000000000005,2.893,0.0,155,543662007,222582825,2025-08-29 15:48:56+00:00
1,2,155,62,88,21.0,671.06,89.39999999999998,2.911,0.5,155,543662458,222581430,2025-08-29 15:48:59+00:00
1,2,156,62,87,22.33,685.69,89.39999999999998,2.93,0.0,156,543663267,222579517,2025-08-29 15:49:04+00:00
1,2,156,62,88,0.0,694.02,90.20000000000005,2.93,0.0,156,543663636,222578410,2025-08-29 15:49:07+00:00
1,2,157,62,87,0.0,705.22,90.79999999999995,2.93,0.5,157,543663995,222576758,2025-08-29 15:49:11+00:00
1,2,157,62,89,0.0,713.82,90.79999999999995,2.921,0.0,157,543664411,222575560,2025-08-29 15:49:14+00:00
1,1,156,62,87,0.0,728.35,90.79999999999995,2.911,0.0,156,543664949,222573476,2025-08-29 15:49:19+00:00
1,1,155,62,88,0.0,740.57,90.39999999999998,2.948,0.0,155,543665366,222571727,2025-08-29 15:49:23+00:00
1,1,155,62,88,0.0,748.7,89.39999999999998,2.948,0.0,155,543665762,222570746,2025-08-29 15:49:26+00:00
1,1,154,62,86,23.6,761.83,89.60000000000002,2.921,0.5,154,543666397,222568901,2025-08-29 15:49:31+00:00
1,1,154,62,88,20.32,773.31,90.0,2.883,0.0,154,543666835,222567295,2025-08-29 15:49:35+00:00
1,1,154,62,87,24.49,782.15,90.0,2.883,0.0,154,543667315,222566017,2025-08-29 15:49:38+00:00
1,1,154,62,88,23.88,797.3,90.20000000000005,2.902,0.0,154,543668158,222564067,2025-08-29 15:49:43+00:00
1,1,155,62,86,19.31,806.2,90.39999999999998,2.911,0.0,155,543668678,222563026,2025-08-29 15:49:46+00:00
1,1,155,62,87,655.21,817.54,90.39999999999998,2.911,0.0,155,543669407,222561552,2025-08-29 15:49:50+00:00
1,1,156,62,88,0.0,831.94,91.0,2.911,0.0,156,543670184,222559720,2025-08-29 15:49:55+00:00
1,1,157,62,87,20.72,841.72,90.79999999999995,2.921,0.0,157,543670840,222558527,2025-08-29 15:49:58+00:00
1,1,156,61,87,655.25,855.81,91.20000000000005,2.93,0.0,156,543671799,222556833,2025-08-29 15:50:03+00:00
1,1,156,61,87,0.0,864.53,91.0,2.921,0.0,156,543672290,222555783,2025-08-29 15:50:06+00:00
1,1,156,61,87,0.0,878.4,91.39999999999998,2.921,0.0,156,543673173,222554111,2025-08-29 15:50:11+00:00
1,1,155,61,87,0.0,889.68,91.20000000000005,2.911,0.0,155,543673804,222552630,2025-08-29 15:50:15+00:00
1,2,156,61,88,0.0,899.35,90.79999999999995,2.911,0.0,156,543674562,222551567,2025-08-29 15:50:18+00:00
1,1,156,61,88,0.0,912.96,91.0,2.921,0.0,156,543675522,222549980,2025-08-29 15:50:23+00:00
1,1,156,61,87,0.0,925.06,90.79999999999995,2.911,0.5,156,543676258,222548485,2025-08-29 15:50:27+00:00
1,1,156,61,88,655.21,935.42,90.79999999999995,2.911,0.0,156,543676955,222547276,2025-08-29 15:50:31+00:00
1,1,157,61,87,0.0,948.87,90.79999999999995,2.883,0.0,157,543677879,222545672,2025-08-29 15:50:36+00:00
1,1,157,61,88,0.0,951.2,90.79999999999995,2.865,0.0,157,543677905,222545344,2025-08-29 15:50:37+00:00
1,1,157,61,88,0.0,957.48,90.60000000000002,2.865,0.0,157,543678387,222544659,2025-08-29 15:50:39+00:00
1,1,156,61,88,0.0,971.98,90.39999999999998,2.865,0.0,156,543679385,222542905,2025-08-29 15:50:44+00:00
1,2,156,61,87,0.0,984.68,90.20000000000005,2.874,0.0,156,543680182,222541375,2025-08-29 15:50:48+00:00
1,2,156,61,88,0.0,994.16,90.60000000000002,2.902,0.0,156,543680805,222540229,2025-08-29 15:50:51+00:00
1,2,157,61,88,0.0,1001.93,90.20000000000005,2.893,0.5,157,543681317,222539322,2025-08-29 15:50:54+00:00
1,1,156,61,87,0.0,1004.86,90.0,2.893,0.5,156,543681543,222538970,2025-08-29 15:50:55+00:00
1,2,157,61,87,17.54,1015.98,90.0,2.883,0.0,157,543682391,222537836,2025-08-29 15:50:59+00:00
1,2,157,61,87,0.0,1024.81,89.60000000000002,2.883,0.0,157,543682972,222536710,2025-08-29 15:51:02+00:00
1,1,157,61,87,0.0,1032.31,88.60000000000002,2.874,0.0,157,543683408,222535774,2025-08-29 15:51:05+00:00
1,1,156,61,87,0.0,1048.71,89.20000000000005,2.846,0.0,156,543684136,222533466,2025-08-29 15:51:11+00:00
1,2,157,61,88,0.0,1060.96,89.0,2.846,0.0,157,543684677,222531832,2025-08-29 15:51:15+00:00
1,1,156,61,87,0.0,1074.98,89.20000000000005,2.855,0.0,156,543685293,222529886,2025-08-29 15:51:20+00:00
1,1,156,61,87,0.0,1082.48,89.0,2.837,0.0,156,543685396,222528802,2025-08-29 15:51:23+00:00
1,1,157,61,88,0.0,1090.44,88.39999999999998,2.827,0.5,157,543685680,222527577,2025-08-29 15:51:26+00:00
1,1,157,61,89,0.0,1101.23,88.79999999999995,2.809,0.0,157,543685971,222526048,2025-08-29 15:51:30+00:00
1,1,158,61,87,0.0,1110.15,89.39999999999998,2.809,0.0,158,543686340,222524762,2025-08-29 15:51:33+00:00
1,1,159,61,88,0.0,1118.24,89.60000000000002,2.799,0.0,159,543686545,222523606,2025-08-29 15:51:36+00:00
1,1,160,61,88,0.0,1130.46,89.39999999999998,2.809,0.0,160,543686853,222521838,2025-08-29 15:51:40+00:00
1,1,159,61,87,0.0,1141.23,89.60000000000002,2.818,0.0,159,543687095,222520196,2025-08-29 15:51:44+00:00
1,1,160,61,87,0.0,1152.22,89.20000000000005,2.799,0.0,160,543687333,222518503,2025-08-29 15:51:48+00:00
1,1,159,61,88,0.01,1166.3,89.20000000000005,2.799,0.0,159,543687716,222516427,2025-08-29 15:51:53+00:00
1,1,159,61,88,0.01,1175.16,89.39999999999998,2.799,0.5,159,543687896,222515202,2025-08-29 15:51:56+00:00
1,1,159,61,87,0.01,1183.16,89.60000000000002,2.809,0.0,159,543688124,222513945,2025-08-29 15:51:59+00:00
1,1,160,61,87,0.0,1194.57,90.0,2.799,0.5,160,543688420,222512320,2025-08-29 15:52:03+00:00
1,1,160,61,87,0.0,1206.35,90.0,2.809,0.5,160,543688781,222510650,2025-08-29 15:52:07+00:00
1,1,160,61,88,0.0,1214.84,89.60000000000002,2.809,0.0,160,543688893,222509251,2025-08-29 15:52:10+00:00
1,1,159,61,86,0.0,1226.68,89.0,2.837,0.5,159,543689070,222507560,2025-08-29 15:52:14+00:00
1,1,158,61,87,0.0,1234.97,89.39999999999998,2.827,0.0,158,543689269,222506265,2025-08-29 15:52:17+00:00
1,1,159,61,86,0.0,1243.07,89.39999999999998,2.818,0.0,159,543689388,222505062,2025-08-29 15:52:20+00:00
1,1,159,61,88,0.0,1257.58,89.79999999999995,2.827,0.0,159,543689626,222502898,2025-08-29 15:52:25+00:00
1,1,158,61,87,0.0,1266.38,90.20000000000005,2.827,0.0,158,543689863,222501546,2025-08-29 15:52:28+00:00
1,1,158,61,87,0.0,1277.63,90.20000000000005,2.827,0.0,158,543690097,222499900,2025-08-29 15:52:32+00:00
1,1,158,61,87,0.0,1289.49,90.20000000000005,2.827,0.5,158,543690316,222498168,2025-08-29 15:52:36+00:00
1,1,157,61,87,0.0,1298.21,90.60000000000002,2.837,0.0,157,543690568,222496795,2025-08-29 15:52:39+00:00
1,1,158,61,87,0.0,1313.23,90.79999999999995,2.865,0.5,158,543690853,222494622,2025-08-29 15:52:44+00:00
1,1,158,61,87,0.0,1320.65,91.39999999999998,2.855,0.0,158,543690949,222493499,2025-08-29 15:52:47+00:00
1,1,159,61,86,0.0,1329.52,91.79999999999995,2.846,0.0,159,543691108,222492126,2025-08-29 15:52:50+00:00
1,1,159,61,87,0.0,1344.59,92.20000000000005,2.855,0.0,159,543691480,222489874,2025-08-29 15:52:55+00:00
1,1,159,61,87,0.0,1353.02,92.39999999999998,2.874,0.0,159,543691492,222488657,2025-08-29 15:52:58+00:00
1,1,158,60,87,0.0,1361.49,92.79999999999995,2.865,0.0,158,543691652,222487343,2025-08-29 15:53:01+00:00
1,1,159,60,87,21.0,1374.56,94.0,2.855,0.0,159,543692018,222485372,2025-08-29 15:53:06+00:00
1,1,159,60,87,20.26,1386.5,93.79999999999995,2.846,0.0,159,543692351,222483608,2025-08-29 15:53:10+00:00
1,1,159,60,87,21.94,1397.47,93.20000000000005,2.846,0.5,159,543692697,222482076,2025-08-29 15:53:14+00:00
1,1,159,60,87,18.46,1408.75,93.79999999999995,2.846,0.0,159,543693047,222480466,2025-08-29 15:53:18+00:00
1,1,159,60,88,19.7,1417.56,94.0,2.837,0.0,159,543693394,222479211,2025-08-29 15:53:21+00:00
1,1,160,60,87,0.0,1429.46,94.20000000000005,2.837,0.5,160,543693793,222477445,2025-08-29 15:53:25+00:00
1,0,158,60,88,0.0,1442.13,95.0,2.865,0.0,158,543694226,222475671,2025-08-29 15:53:29+00:00
1,1,160,60,87,0.0,1450.05,95.0,2.874,0.5,160,543694587,222474535,2025-08-29 15:53:32+00:00
1,1,160,60,89,0.0,1457.9,95.20000000000005,2.855,0.0,160,543694870,222473452,2025-08-29 15:53:35+00:00
1,1,159,60,87,18.01,1472.62,95.0,2.855,0.5,159,543695405,222471382,2025-08-29 15:53:40+00:00
1,1,159,60,87,18.83,1481.71,94.39999999999998,2.865,0.0,159,543695773,222470101,2025-08-29 15:53:43+00:00
1,1,159,60,87,19.51,1489.18,93.79999999999995,2.855,0.5,159,543696067,222469071,2025-08-29 15:53:46+00:00
1,1,159,60,87,19.51,1503.65,93.0,2.846,0.0,159,543696660,222466979,2025-08-29 15:53:51+00:00
1,1,159,60,88,19.51,1514.2,93.20000000000005,2.837,0.0,159,543697119,222465546,2025-08-29 15:53:55+00:00
1,1,160,60,88,19.51,1523.05,93.0,2.837,0.0,160,543697536,222464279,2025-08-29 15:53:58+00:00
1,1,160,60,86,19.51,1536.83,93.0,2.827,0.0,160,543698120,222462311,2025-08-29 15:54:03+00:00
1,1,160,60,86,19.51,1544.25,93.0,2.818,0.0,160,543698298,222461260,2025-08-29 15:54:06+00:00
1,1,160,60,88,19.51,1553.02,92.79999999999995,2.809,0.0,160,543698726,222459978,2025-08-29 15:54:09+00:00
1,1,160,60,86,19.51,1567.95,93.79999999999995,2.818,0.0,160,543699252,222457841,2025-08-29 15:54:14+00:00
1,1,160,60,88,19.51,1575.93,93.79999999999995,2.818,0.0,160,543699460,222456729,2025-08-29 15:54:17+00:00
1,1,160,60,86,19.51,1589.54,93.79999999999995,2.799,0.0,160,543700025,222454834,2025-08-29 15:54:22+00:00
1,1,160,60,86,19.51,1600.36,93.79999999999995,2.799,0.0,160,543700509,222453345,2025-08-29 15:54:26+00:00
1,1,160,60,86,19.51,1606.35,93.60000000000002,2.79,0.5,160,543700734,222452468,2025-08-29 15:54:28+00:00
1,1,160,60,88,19.51,1609.3,93.60000000000002,2.79,0.5,160,543700862,222452004,2025-08-29 15:54:29+00:00
1,1,159,60,88,19.51,1620.96,93.39999999999998,2.799,0.0,159,543701378,222450348,2025-08-29 15:54:33+00:00
1,1,160,60,89,14.98,1635.52,93.0,2.827,0.0,160,543702087,222448395,2025-08-29 15:54:38+00:00
1,1,160,60,88,0.0,1643.48,93.20000000000005,2.827,0.0,160,543702272,222447269,2025-08-29 15:54:41+00:00
1,1,161,60,87,9.35,1652.6,92.79999999999995,2.827,0.5,161,543702694,222445965,2025-08-29 15:54:44+00:00
1,1,162,60,88,14.41,1672.87,93.39999999999998,2.837,0.0,162,543703465,222443073,2025-08-29 15:54:51+00:00
1,1,161,60,88,14.87,1681.45,93.20000000000005,2.846,0.0,161,543703707,222441871,2025-08-29 15:54:54+00:00
1,1,161,60,87,17.62,1692.71,92.20000000000005,2.846,0.0,161,543704156,222440247,2025-08-29 15:54:58+00:00
1,1,161,60,87,17.78,1704.0,92.39999999999998,2.837,0.5,161,543704545,222438613,2025-08-29 15:55:02+00:00
1,1,162,60,87,18.54,1715.49,92.39999999999998,2.846,0.0,162,543705026,222437032,2025-08-29 15:55:06+00:00
1,1,162,60,87,0.0,1729.1,92.79999999999995,2.837,0.0,162,543705579,222435072,2025-08-29 15:55:11+00:00
1,1,162,60,88,3.85,1737.23,92.79999999999995,2.827,0.0,162,543705867,222433998,2025-08-29 15:55:14+00:00
1,1,161,60,86,3.85,1748.71,92.60000000000002,2.809,0.0,161,543706421,222432347,2025-08-29 15:55:18+00:00
1,1,161,60,87,3.85,1760.2,92.39999999999998,2.827,0.0,161,543706892,222430746,2025-08-29 15:55:22+00:00
1,1,160,60,87,3.85,1767.73,92.0,2.809,0.0,160,543707233,222429688,2025-08-29 15:55:25+00:00
1,1,160,60,87,3.85,1782.13,92.0,2.809,0.0,160,543707645,222427613,2025-08-29 15:55:30+00:00
1,1,160,60,87,3.85,1790.26,91.79999999999995,2.809,0.0,160,543708019,222426421,2025-08-29 15:55:33+00:00
1,1,160,60,86,3.85,1801.77,92.0,2.799,0.5,160,543708343,222424806,2025-08-29 15:55:37+00:00
1,1,160,60,88,3.85,1812.65,92.0,2.799,0.0,160,543708725,222423219,2025-08-29 15:55:41+00:00
1,1,161,60,87,3.85,1821.73,91.79999999999995,2.799,0.0,161,543709131,222421956,2025-08-29 15:55:44+00:00
1,1,161,60,88,3.85,1836.86,92.0,2.818,0.0,161,543709818,222419849,2025-08-29 15:55:49+00:00
1,1,161,60,87,3.85,1848.5,92.0,2.837,0.5,161,543710295,222418211,2025-08-29 15:55:53+00:00
1,1,161,60,88,0.03,1855.91,91.79999999999995,2.837,0.0,161,543710536,222417158,2025-08-29 15:55:56+00:00
1,1,162,59,87,0.03,1867.82,91.20000000000005,2.827,0.0,162,543710941,222415481,2025-08-29 15:56:00+00:00
1,1,161,59,87,0.03,1875.38,91.60000000000002,2.827,0.0,161,543711098,222414386,2025-08-29 15:56:03+00:00
1,1,162,59,86,0.03,1883.58,91.60000000000002,2.809,0.0,162,543711576,222413207,2025-08-29 15:56:06+00:00
1,1,161,59,88,0.03,1898.47,92.39999999999998,2.809,0.0,161,543712148,222411058,2025-08-29 15:56:11+00:00
1,1,161,59,86,12.15,1906.49,92.39999999999998,2.818,0.0,161,543712376,222409968,2025-08-29 15:56:14+00:00
1,1,161,59,87,14.41,1918.09,93.0,2.809,0.0,161,543712972,222408313,2025-08-29 15:56:18+00:00
1,1,161,59,87,14.87,1927.13,94.20000000000005,2.818,0.0,161,543713284,222407113,2025-08-29 15:56:21+00:00
1,1,161,59,88,14.64,1936.02,94.0,2.837,0.0,161,543713671,222405840,2025-08-29 15:56:24+00:00
1,1,161,59,87,15.62,1946.58,93.60000000000002,2.827,0.0,161,543714055,222404362,2025-08-29 15:56:28+00:00
1,1,161,59,87,14.54,1955.65,93.60000000000002,2.827,0.0,161,543714462,222403008,2025-08-29 15:56:31+00:00
1,1,162,59,87,12.59,1963.77,93.60000000000002,2.827,0.5,162,543714597,222401856,2025-08-29 15:56:34+00:00
1,1,161,59,87,2.45,1972.52,93.60000000000002,2.827,0.5,161,543714799,222400499,2025-08-29 15:56:37+00:00
1,1,161,59,87,25.82,1987.2,94.60000000000002,2.837,0.0,161,543715104,222398274,2025-08-29 15:56:42+00:00
1,1,161,59,88,25.97,1996.45,94.39999999999998,2.855,0.0,161,543715147,222397008,2025-08-29 15:56:45+00:00
1,1,162,59,87,,2005.04,94.60000000000002,2.855,0.5,162,543715084,222395646,2025-08-29 15:56:48+00:00
1,1,162,59,87,0.0,2007.67,95.0,2.855,0.0,162,543715151,222395272,2025-08-29 15:56:49+00:00
1,1,162,59,87,0.12,2021.29,95.39999999999998,2.846,0.0,162,543715184,222393196,2025-08-29 15:56:54+00:00
1,1,162,59,87,0.1,2029.48,94.79999999999995,2.846,0.0,162,543715135,222391880,2025-08-29 15:56:57+00:00
1,1,161,59,86,0.1,2043.54,95.0,2.837,0.5,161,543715109,222389811,2025-08-29 15:57:02+00:00
1,1,162,59,86,0.1,2055.06,95.39999999999998,2.837,0.5,162,543715094,222387993,2025-08-29 15:57:06+00:00
1,2,161,59,88,0.1,2063.52,95.60000000000002,2.837,0.5,161,543715078,222386722,2025-08-29 15:57:09+00:00
1,1,162,59,87,0.1,2078.96,96.20000000000005,2.855,0.0,162,543715167,222384427,2025-08-29 15:57:14+00:00
1,1,163,59,87,24.88,2090.2,96.20000000000005,2.855,0.0,163,543715132,222382660,2025-08-29 15:57:18+00:00
1,1,163,59,88,0.0,2101.8,95.60000000000002,2.865,0.0,163,543715174,222380929,2025-08-29 15:57:22+00:00
1,1,164,59,88,20.2,2112.21,96.0,2.846,0.0,164,543715285,222379327,2025-08-29 15:57:26+00:00
1,1,164,59,88,20.2,2120.35,95.79999999999995,2.837,0.0,164,543715229,222378135,2025-08-29 15:57:29+00:00
1,1,164,59,87,18.83,2128.46,95.39999999999998,2.837,0.5,164,543715300,222376815,2025-08-29 15:57:32+00:00
1,1,163,59,89,22.28,2140.29,95.0,2.818,0.0,163,543715406,222375064,2025-08-29 15:57:36+00:00
1,1,161,59,88,1.86,2157.47,94.60000000000002,2.827,0.0,161,543715469,222372427,2025-08-29 15:57:42+00:00
1,1,162,59,88,17.2,2169.48,94.20000000000005,2.846,0.0,162,543715651,222370654,2025-08-29 15:57:46+00:00
1,1,161,59,87,1.87,2180.79,93.60000000000002,2.846,0.0,161,543715766,222368910,2025-08-29 15:57:50+00:00
1,1,162,59,85,13.68,2190.89,93.39999999999998,2.837,0.0,162,543715847,222367422,2025-08-29 15:57:54+00:00
1,1,162,59,85,15.52,2200.07,93.39999999999998,2.827,0.5,162,543716056,222365991,2025-08-29 15:57:57+00:00
1,1,161,59,87,0.0,2208.82,93.0,2.827,0.5,161,543716312,222364784,2025-08-29 15:58:00+00:00
1,1,162,59,86,1.87,2222.78,92.79999999999995,2.827,0.5,162,543716835,222362788,2025-08-29 15:58:05+00:00
1,1,161,59,88,655.14,2231.85,92.20000000000005,2.827,0.0,161,543717134,222361439,2025-08-29 15:58:08+00:00
1,1,161,59,88,655.14,2239.99,92.20000000000005,2.837,0.0,161,543717418,222360289,2025-08-29 15:58:11+00:00
1,1,161,59,87,0.0,2251.4,92.79999999999995,2.837,0.0,161,543717674,222358590,2025-08-29 15:58:15+00:00
1,1,161,59,86,0.0,2263.01,92.20000000000005,2.837,0.5,161,543717951,222356883,2025-08-29 15:58:19+00:00
1,1,161,59,87,10.97,2279.88,92.39999999999998,2.837,0.0,161,543718561,222354486,2025-08-29 15:58:25+00:00
1,2,162,59,88,1.87,2293.0,93.79999999999995,2.837,0.0,162,543718920,222352479,2025-08-29 15:58:30+00:00
1,2,163,59,87,13.51,2308.6,94.39999999999998,2.846,0.0,163,543719301,222350246,2025-08-29 15:58:35+00:00
1,1,164,59,88,11.12,2317.73,93.60000000000002,2.855,0.0,164,543719436,222348937,2025-08-29 15:58:38+00:00
1,1,166,59,88,11.94,2329.32,92.60000000000002,2.874,0.0,166,543719747,222347139,2025-08-29 15:58:42+00:00
1,1,167,59,87,0.0,2343.8,92.39999999999998,2.865,0.0,167,543719858,222345030,2025-08-29 15:58:47+00:00
1,1,167,59,88,0.0,2352.36,91.79999999999995,2.883,0.0,167,543719994,222343670,2025-08-29 15:58:50+00:00
1,1,167,59,86,0.0,2363.34,91.20000000000005,2.874,0.5,167,543720170,222342002,2025-08-29 15:58:54+00:00
1,1,166,59,86,0.0,2377.86,91.39999999999998,2.865,0.5,166,543720286,222339803,2025-08-29 15:58:59+00:00
1,1,166,59,87,0.0,2386.74,91.60000000000002,2.874,0.0,166,543720372,222338521,2025-08-29 15:59:02+00:00
1,1,166,59,87,11.26,2398.09,91.39999999999998,2.874,0.5,166,543720341,222336745,2025-08-29 15:59:06+00:00
1,1,166,59,88,10.97,2412.96,91.39999999999998,2.883,0.0,166,543720406,222334494,2025-08-29 15:59:11+00:00
1,1,165,59,87,12.2,2425.05,91.0,2.902,0.0,165,543720445,222332658,2025-08-29 15:59:15+00:00
1,1,165,59,89,0.0,2434.2,90.39999999999998,2.911,0.0,165,543720472,222331210,2025-08-29 15:59:18+00:00
1,1,165,59,87,0.0,2446.18,89.60000000000002,2.921,0.0,165,543720491,222329474,2025-08-29 15:59:22+00:00
1,1,166,59,87,12.82,2457.08,89.60000000000002,2.911,0.0,166,543720563,222327807,2025-08-29 15:59:26+00:00
1,1,166,59,87,9.18,2465.94,89.60000000000002,2.911,0.0,166,543720451,222326379,2025-08-29 15:59:29+00:00
1,1,166,59,87,0.0,2480.91,89.60000000000002,2.921,0.0,166,543720575,222324116,2025-08-29 15:59:34+00:00
1,2,167,59,88,10.04,2493.76,90.20000000000005,2.93,0.5,167,543720671,222322156,2025-08-29 15:59:38+00:00
1,2,167,59,88,10.2,2502.85,90.39999999999998,2.948,0.0,167,543720652,222320818,2025-08-29 15:59:41+00:00
1,1,167,59,87,0.0,2508.91,90.60000000000002,2.958,0.5,167,543720663,222319810,2025-08-29 15:59:43+00:00
1,1,124,59,0,0.0,2508.91,87.39999999999998,0.793,0.0,124,543720858,222312206,2025-08-29 16:00:56+00:00
1,1,124,59,0,0.0,2510.02,87.20000000000005,0.0,0.0,124,543720909,222312433,2025-08-29 16:00:57+00:00
1,2,124,59,0,0.0,2515.6,87.60000000000002,1.092,0.0,124,543720854,222313256,2025-08-29 16:00:59+00:00
1,3,125,59,84,0.0,2526.31,88.20000000000005,2.65,0.5,125,543720934,222314929,2025-08-29 16:01:03+00:00
1,9,128,59,84,0.0,2540.76,88.79999999999995,2.734,0.0,128,543720890,222317138,2025-08-29 16:01:08+00:00
1,7,133,59,84,30.19,2549.03,89.0,2.893,0.5,133,543720947,222318369,2025-08-29 16:01:11+00:00
1,5,135,59,85,30.19,2552.09,89.0,2.874,0.0,135,543720901,222318890,2025-08-29 16:01:12+00:00
1,1,137,59,85,30.19,2560.73,89.20000000000005,2.865,0.0,137,543720944,222320147,2025-08-29 16:01:15+00:00
1,1,138,59,86,0.0,2571.8,89.60000000000002,2.855,0.0,138,543720834,222321901,2025-08-29 16:01:19+00:00
1,1,138,59,87,0.0,2580.03,89.39999999999998,2.837,0.0,138,543720866,222323065,2025-08-29 16:01:22+00:00
1,1,142,59,86,0.0,2591.04,89.39999999999998,2.827,0.0,142,543720821,222324799,2025-08-29 16:01:26+00:00
1,0,143,59,86,0.0,2593.75,89.60000000000002,2.799,0.5,143,543720908,222325140,2025-08-29 16:01:27+00:00
1,0,145,59,87,0.0,2601.71,90.0,2.79,0.0,145,543720830,222326415,2025-08-29 16:01:30+00:00
1,1,148,59,86,0.0,2612.78,90.60000000000002,2.762,0.0,148,543720816,222328072,2025-08-29 16:01:34+00:00
1,1,151,59,87,0.0,2621.14,91.20000000000005,2.771,0.0,151,543720818,222329354,2025-08-29 16:01:37+00:00
1,1,151,59,87,0.0,2623.58,91.20000000000005,2.771,0.0,151,543720868,222329692,2025-08-29 16:01:38+00:00
1,1,152,59,86,0.0,2632.39,91.20000000000005,2.762,0.0,152,543720798,222331079,2025-08-29 16:01:41+00:00
1,2,153,59,89,0.0,2646.97,91.39999999999998,2.781,0.0,153,543720696,222333327,2025-08-29 16:01:46+00:00
1,2,153,59,87,0.0,2655.4,91.20000000000005,2.809,0.0,153,543720660,222334530,2025-08-29 16:01:49+00:00
1,1,154,59,87,0.0,2666.62,91.60000000000002,2.809,0.0,154,543720592,222336251,2025-08-29 16:01:53+00:00
1,1,154,59,88,0.0,2680.37,91.79999999999995,2.799,0.0,154,543720479,222338342,2025-08-29 16:01:58+00:00
1,1,156,58,88,0.0,2689.22,91.39999999999998,2.818,0.0,156,543720409,222339700,2025-08-29 16:02:01+00:00
1,1,158,58,86,0.0,2703.19,91.39999999999998,2.809,0.5,158,543720217,222341838,2025-08-29 16:02:06+00:00
1,1,159,58,86,0.0,2711.62,91.39999999999998,2.809,0.5,159,543720243,222343068,2025-08-29 16:02:09+00:00
1,1,160,58,88,0.0,2721.28,90.79999999999995,2.818,0.0,160,543720130,222344532,2025-08-29 16:02:12+00:00
1,1,161,58,87,0.0,2737.58,91.0,2.827,0.5,161,543719811,222346975,2025-08-29 16:02:18+00:00
1,1,161,58,88,0.0,2748.94,90.60000000000002,2.827,0.0,161,543719741,222348719,2025-08-29 16:02:22+00:00
1,1,162,58,88,0.0,2760.69,90.0,2.837,0.5,162,543719373,222350468,2025-08-29 16:02:26+00:00
1,1,162,58,87,0.0,2771.64,89.39999999999998,2.837,0.0,162,543718964,222352095,2025-08-29 16:02:30+00:00
1,1,161,58,88,0.0,2783.81,89.20000000000005,2.837,0.0,161,543718626,222353853,2025-08-29 16:02:34+00:00
1,1,161,58,87,0.0,2800.55,89.20000000000005,2.846,0.0,161,543718027,222356162,2025-08-29 16:02:40+00:00
1,1,161,58,88,0.0,2811.94,89.0,2.846,0.0,161,543717741,222357907,2025-08-29 16:02:44+00:00
1,1,162,58,88,0.0,2826.39,89.20000000000005,2.846,0.0,162,543717439,222360043,2025-08-29 16:02:49+00:00
1,1,161,58,87,0.0,2837.51,89.60000000000002,2.855,0.5,161,543717095,222361652,2025-08-29 16:02:53+00:00
1,1,162,58,88,0.0,2846.33,89.20000000000005,2.855,0.0,162,543716808,222362978,2025-08-29 16:02:56+00:00
1,1,163,58,88,0.0,2863.79,89.39999999999998,2.855,0.0,163,543716233,222365481,2025-08-29 16:03:02+00:00
1,1,162,58,86,13.85,2873.11,89.20000000000005,2.874,0.5,162,543715958,222366908,2025-08-29 16:03:05+00:00
1,1,163,58,88,15.12,2885.16,88.39999999999998,2.883,0.0,163,543715816,222368611,2025-08-29 16:03:09+00:00
1,1,163,58,86,0.0,2892.17,88.79999999999995,2.893,0.0,163,543715721,222369778,2025-08-29 16:03:12+00:00
1,1,164,58,88,0.0,2902.54,88.20000000000005,2.855,0.0,164,543715758,222371384,2025-08-29 16:03:16+00:00
1,1,164,58,87,0.0,2916.53,88.20000000000005,2.846,0.0,164,543715578,222373495,2025-08-29 16:03:21+00:00
1,1,164,58,88,0.0,2927.36,88.39999999999998,2.827,0.0,164,543715705,222375159,2025-08-29 16:03:25+00:00
1,1,164,58,88,0.0,2938.84,88.39999999999998,2.818,0.0,164,543715511,222376860,2025-08-29 16:03:29+00:00
1,1,164,58,86,0.0,2953.03,88.79999999999995,2.827,0.5,164,543715411,222379063,2025-08-29 16:03:34+00:00
1,1,165,58,88,0.0,2961.08,89.60000000000002,2.827,0.5,165,543715461,222380201,2025-08-29 16:03:37+00:00
1,1,164,58,86,0.0,2972.83,89.79999999999995,2.818,0.5,164,543715355,222382080,2025-08-29 16:03:41+00:00
1,1,164,58,87,0.0,2983.91,90.79999999999995,2.818,0.0,164,543715456,222383767,2025-08-29 16:03:45+00:00
1,1,163,58,86,0.0,2992.99,90.79999999999995,2.818,0.5,163,543715465,222385082,2025-08-29 16:03:48+00:00
1,1,163,58,87,85.64,3004.27,91.0,2.827,0.0,163,543715458,222386828,2025-08-29 16:03:52+00:00
1,1,162,58,85,0.0,3015.28,90.79999999999995,2.818,0.5,162,543715443,222388493,2025-08-29 16:03:56+00:00
1,1,161,58,87,0.0,3029.94,90.39999999999998,2.818,0.0,161,543715383,222390724,2025-08-29 16:04:01+00:00
1,1,161,58,88,0.0,3040.51,90.39999999999998,2.827,0.0,161,543715346,222392342,2025-08-29 16:04:05+00:00
1,1,162,58,87,0.0,3054.38,89.79999999999995,2.818,0.0,162,543715342,222394455,2025-08-29 16:04:10+00:00
1,1,162,58,88,0.0,3061.79,89.39999999999998,2.799,0.0,162,543715307,222395567,2025-08-29 16:04:13+00:00
1,1,162,58,86,0.0,3073.0,89.0,2.799,0.0,162,543715269,222397270,2025-08-29 16:04:17+00:00
1,1,163,58,87,0.0,3083.34,89.20000000000005,2.781,0.0,163,543715205,222398822,2025-08-29 16:04:21+00:00
1,1,163,58,86,0.0,3094.67,88.79999999999995,2.771,0.0,163,543714850,222400489,2025-08-29 16:04:25+00:00
1,1,163,58,86,0.0,3108.74,88.39999999999998,2.771,0.0,163,543714433,222402603,2025-08-29 16:04:30+00:00
1,1,163,58,87,0.0,3116.99,88.79999999999995,2.781,0.0,163,543714226,222403749,2025-08-29 16:04:33+00:00
1,1,163,58,86,0.0,3128.31,88.60000000000002,2.781,0.5,163,543713690,222405375,2025-08-29 16:04:37+00:00
1,1,164,58,87,0.0,3139.24,88.79999999999995,2.771,0.0,164,543713256,222406916,2025-08-29 16:04:41+00:00
1,1,164,58,87,0.0,3147.59,88.60000000000002,2.771,0.0,164,543713018,222408113,2025-08-29 16:04:44+00:00
1,1,165,58,87,0.0,3159.49,88.0,2.781,0.0,165,543712596,222409835,2025-08-29 16:04:48+00:00
1,1,164,58,86,0.0,3170.76,88.20000000000005,2.781,0.5,164,543712083,222411418,2025-08-29 16:04:52+00:00
1,1,165,58,87,0.0,3179.08,88.20000000000005,2.79,0.0,165,543711722,222412518,2025-08-29 16:04:55+00:00
1,1,165,58,87,0.0,3190.83,88.39999999999998,2.79,0.0,165,543711377,222414274,2025-08-29 16:04:59+00:00
1,1,166,57,87,0.0,3204.46,88.39999999999998,2.799,0.0,166,543710897,222416240,2025-08-29 16:05:04+00:00
1,1,166,57,88,0.0,3216.03,88.20000000000005,2.79,0.0,166,543710459,222417882,2025-08-29 16:05:08+00:00
1,1,165,57,86,0.0,3228.01,88.0,2.818,0.5,165,543709952,222419576,2025-08-29 16:05:12+00:00
1,1,165,57,88,0.0,3238.17,88.20000000000005,2.809,0.0,165,543709590,222421030,2025-08-29 16:05:16+00:00
1,1,164,57,87,0.0,3252.43,87.60000000000002,2.799,0.0,164,543709002,222423061,2025-08-29 16:05:21+00:00
1,1,164,57,87,0.0,3260.55,87.60000000000002,2.799,0.0,164,543708745,222424200,2025-08-29 16:05:24+00:00
1,1,164,57,87,0.0,3271.97,88.0,2.799,0.0,164,543708309,222425818,2025-08-29 16:05:28+00:00
1,1,163,57,87,0.0,3284.69,88.20000000000005,2.79,0.0,163,543707889,222427632,2025-08-29 16:05:33+00:00
1,1,164,57,86,0.0,3287.06,88.20000000000005,2.79,0.0,164,543707650,222427947,2025-08-29 16:05:34+00:00
1,1,164,57,87,0.0,3292.6,87.79999999999995,2.762,0.0,164,543707307,222428679,2025-08-29 16:05:36+00:00
1,1,165,57,87,0.0,3305.43,87.39999999999998,2.771,0.0,165,543706850,222430465,2025-08-29 16:05:40+00:00
1,1,165,57,89,0.0,3319.36,87.60000000000002,2.799,0.0,165,543706320,222432442,2025-08-29 16:05:45+00:00
1,1,164,57,86,0.0,3327.32,88.20000000000005,2.79,0.5,164,543706062,222433573,2025-08-29 16:05:48+00:00
1,1,164,57,88,0.0,3336.95,88.0,2.865,0.0,164,543705745,222434957,2025-08-29 16:05:51+00:00
1,1,164,57,87,0.0,3350.65,88.20000000000005,2.855,0.0,164,543705151,222436912,2025-08-29 16:05:56+00:00
1,1,165,57,88,0.0,3358.58,88.0,2.827,0.0,165,543704902,222438001,2025-08-29 16:05:59+00:00
1,1,164,57,86,0.0,3369.81,87.79999999999995,2.818,0.0,164,543704429,222439612,2025-08-29 16:06:03+00:00
1,1,165,57,87,0.0,3380.93,88.39999999999998,2.799,0.0,165,543703885,222441125,2025-08-29 16:06:07+00:00
1,1,164,57,87,0.0,3389.45,88.60000000000002,2.799,0.0,164,543703618,222442341,2025-08-29 16:06:10+00:00
1,1,164,57,88,0.0,3404.23,89.20000000000005,2.818,0.0,164,543703077,222444416,2025-08-29 16:06:15+00:00
1,1,165,57,87,0.0,3412.45,89.60000000000002,2.818,0.0,165,543702598,222445575,2025-08-29 16:06:18+00:00
1,1,165,57,88,0.0,3420.49,89.79999999999995,2.809,0.0,165,543702389,222446721,2025-08-29 16:06:21+00:00
1,1,165,57,88,0.0,3431.55,89.60000000000002,2.809,0.5,165,543702080,222448360,2025-08-29 16:06:25+00:00
1,1,164,57,87,0.0,3442.06,90.20000000000005,2.79,0.0,164,543701632,222449877,2025-08-29 16:06:29+00:00
1,1,164,57,87,0.0,3450.73,90.39999999999998,2.781,0.5,164,543701261,222451070,2025-08-29 16:06:32+00:00
1,1,164,57,86,0.0,3468.49,90.39999999999998,2.79,0.0,164,543700509,222453543,2025-08-29 16:06:38+00:00
1,1,164,57,87,0.0,3480.05,90.20000000000005,2.818,0.0,164,543700101,222455192,2025-08-29 16:06:42+00:00
1,1,164,57,88,0.0,3494.07,89.60000000000002,2.818,0.0,164,543699513,222457164,2025-08-29 16:06:47+00:00
1,1,165,57,87,0.0,3505.02,90.20000000000005,2.818,0.0,165,543699163,222458778,2025-08-29 16:06:51+00:00
1,1,165,57,87,0.0,3515.66,89.79999999999995,2.799,0.0,165,543698721,222460249,2025-08-29 16:06:55+00:00
1,1,166,57,86,0.0,3526.84,90.20000000000005,2.799,0.0,166,543698243,222461796,2025-08-29 16:06:59+00:00
1,1,166,57,88,0.0,3536.01,90.20000000000005,2.799,0.0,166,543697797,222463078,2025-08-29 16:07:02+00:00
1,1,167,57,87,0.0,3547.46,89.0,2.818,0.5,167,543697338,222464672,2025-08-29 16:07:06+00:00
1,1,166,57,88,0.0,3560.66,88.60000000000002,2.809,0.0,166,543696863,222466580,2025-08-29 16:07:11+00:00
1,1,167,57,86,0.0,3568.97,88.20000000000005,2.799,0.0,167,543696553,222467739,2025-08-29 16:07:14+00:00
1,1,167,57,87,0.0,3583.06,88.60000000000002,2.79,0.0,167,543696016,222469733,2025-08-29 16:07:19+00:00
1,1,167,57,87,0.0,3590.64,89.0,2.79,0.5,167,543695581,222470808,2025-08-29 16:07:22+00:00
1,1,166,57,86,0.0,3601.41,88.79999999999995,2.771,0.0,166,543695254,222472328,2025-08-29 16:07:26+00:00
1,1,167,57,87,0.0,3612.04,88.60000000000002,2.743,0.0,167,543694834,222473843,2025-08-29 16:07:30+00:00
1,1,166,57,87,0.0,3623.8,88.60000000000002,2.762,0.0,166,543694363,222475504,2025-08-29 16:07:34+00:00
1,0,165,57,88,0.0,3636.86,88.20000000000005,2.762,0.0,165,543693896,222477345,2025-08-29 16:07:39+00:00
1,0,165,57,86,0.0,3644.81,88.79999999999995,2.743,0.0,165,543693599,222478557,2025-08-29 16:07:42+00:00
1,1,164,57,88,0.0,3656.83,88.79999999999995,2.743,0.0,164,543693055,222480177,2025-08-29 16:07:46+00:00
1,1,165,57,88,0.0,3670.04,89.0,2.753,0.5,165,543692590,222482052,2025-08-29 16:07:51+00:00
1,1,165,57,86,0.0,3680.34,89.20000000000005,2.734,0.5,165,543692257,222483554,2025-08-29 16:07:55+00:00
1,1,166,56,87,0.0,3697.28,89.39999999999998,2.725,0.0,166,543691853,222486074,2025-08-29 16:08:01+00:00
1,1,165,56,86,0.0,3706.25,88.79999999999995,2.743,0.0,165,543691572,222487439,2025-08-29 16:08:04+00:00
1,1,166,56,87,0.0,3717.29,88.60000000000002,2.753,0.0,166,543691432,222489039,2025-08-29 16:08:08+00:00
1,1,166,56,87,0.0,3725.58,89.20000000000005,2.753,0.0,166,543691210,222490365,2025-08-29 16:08:11+00:00
1,1,167,56,87,0.0,3734.25,89.0,2.753,0.0,167,543691170,222491636,2025-08-29 16:08:14+00:00
1,1,167,56,87,0.0,3748.22,88.79999999999995,2.762,0.0,167,543691167,222493717,2025-08-29 16:08:19+00:00
1,1,167,56,87,0.0,3756.22,89.20000000000005,2.762,0.0,167,543690991,222494975,2025-08-29 16:08:22+00:00
1,1,167,56,88,0.0,3767.43,88.60000000000002,2.753,0.0,167,543690709,222496663,2025-08-29 16:08:26+00:00
1,1,166,56,87,0.0,3782.3,88.79999999999995,2.771,0.0,166,543690345,222498862,2025-08-29 16:08:31+00:00
1,1,166,56,87,0.0,3793.53,88.60000000000002,2.79,0.5,166,543690136,222500524,2025-08-29 16:08:35+00:00
1,1,166,56,88,0.0,3807.5,88.60000000000002,2.79,0.5,166,543689794,222502620,2025-08-29 16:08:40+00:00
1,1,167,56,87,0.0,3819.52,90.0,2.799,0.0,167,543689660,222504412,2025-08-29 16:08:44+00:00
1,1,167,56,88,0.0,3829.61,89.60000000000002,2.799,0.0,167,543689479,222505909,2025-08-29 16:08:48+00:00
1,1,167,56,86,0.0,3842.88,89.39999999999998,2.781,0.0,167,543689239,222507956,2025-08-29 16:08:53+00:00
1,1,167,56,87,0.0,3854.93,89.0,2.771,0.0,167,543688928,222509744,2025-08-29 16:08:57+00:00
1,1,168,56,86,13.06,3863.4,88.60000000000002,2.79,0.5,168,543688762,222510979,2025-08-29 16:09:00+00:00
1,1,168,56,88,13.06,3877.74,89.39999999999998,2.799,0.0,168,543688418,222513075,2025-08-29 16:09:05+00:00
1,3,167,56,87,13.06,3889.4,90.20000000000005,2.809,0.5,167,543688059,222514770,2025-08-29 16:09:09+00:00
1,3,167,56,87,13.06,3903.29,90.39999999999998,2.818,0.5,167,543687667,222516829,2025-08-29 16:09:14+00:00
1,3,167,56,88,13.06,3914.8,90.79999999999995,2.818,0.0,167,543687389,222518529,2025-08-29 16:09:18+00:00
1,3,167,56,88,13.06,3926.46,91.20000000000005,2.818,0.0,167,543687092,222520274,2025-08-29 16:09:22+00:00
1,1,166,56,87,0.0,3944.34,91.20000000000005,2.827,0.5,166,543686532,222522947,2025-08-29 16:09:28+00:00
1,1,167,56,87,0.0,3960.84,90.60000000000002,2.846,0.5,167,543686094,222525389,2025-08-29 16:09:34+00:00
1,1,167,56,87,0.0,3974.65,90.0,2.837,0.0,167,543685704,222527395,2025-08-29 16:09:39+00:00
1,1,168,56,87,0.0,3988.86,89.39999999999998,2.837,0.5,168,543685318,222529474,2025-08-29 16:09:44+00:00
1,1,167,56,86,0.0,4001.53,89.39999999999998,2.855,0.0,167,543684895,222531267,2025-08-29 16:09:48+00:00
1,1,167,56,86,0.0,4004.33,89.60000000000002,2.865,0.0,167,543684795,222531634,2025-08-29 16:09:49+00:00
1,1,168,56,88,0.0,4018.43,89.0,2.865,0.0,168,543684301,222533742,2025-08-29 16:09:54+00:00
1,1,168,56,88,0.0,4029.59,88.79999999999995,2.865,0.5,168,543683746,222535298,2025-08-29 16:09:58+00:00
1,1,168,56,88,0.0,4039.18,88.20000000000005,2.865,0.0,168,543683109,222536332,2025-08-29 16:10:01+00:00
1,1,168,56,88,0.0,4055.68,88.20000000000005,2.855,0.0,168,543681924,222538273,2025-08-29 16:10:07+00:00
1,1,167,56,87,0.0,4068.58,88.20000000000005,2.837,0.0,167,543681106,222539813,2025-08-29 16:10:12+00:00
1,1,167,56,87,0.0,4083.59,88.0,2.837,0.0,167,543680073,222541567,2025-08-29 16:10:17+00:00
1,1,167,56,88,0.0,4097.6,89.0,2.837,0.5,167,543679195,222543352,2025-08-29 16:10:22+00:00
1,1,166,56,87,0.0,4109.16,89.20000000000005,2.874,0.0,166,543678378,222544646,2025-08-29 16:10:26+00:00
1,1,167,56,87,0.0,4121.99,89.0,2.79,0.5,167,543677594,222546238,2025-08-29 16:10:31+00:00
1,1,167,56,88,0.0,4129.62,89.39999999999998,2.771,0.0,167,543677129,222547175,2025-08-29 16:10:34+00:00
1,1,167,56,87,0.0,4140.94,89.79999999999995,2.771,0.0,167,543676318,222548508,2025-08-29 16:10:38+00:00
1,1,168,56,88,0.0,4154.35,90.0,2.762,0.0,168,543675467,222550076,2025-08-29 16:10:43+00:00
1,1,167,56,87,0.0,4162.94,89.79999999999995,2.753,0.0,167,543674887,222551197,2025-08-29 16:10:46+00:00
1,1,168,56,87,0.0,4174.1,89.79999999999995,2.771,0.0,168,543674208,222552578,2025-08-29 16:10:50+00:00
1,1,169,56,88,0.0,4185.34,89.60000000000002,2.771,0.5,169,543673523,222553882,2025-08-29 16:10:54+00:00
1,1,169,56,87,0.0,4193.61,89.39999999999998,2.762,0.0,169,543672885,222554852,2025-08-29 16:10:57+00:00
1,1,168,56,88,0.0,4207.7,89.79999999999995,2.762,0.0,168,543671867,222556489,2025-08-29 16:11:02+00:00
1,1,168,56,87,0.0,4215.71,90.39999999999998,2.762,0.0,168,543671424,222557469,2025-08-29 16:11:05+00:00
1,0,167,56,87,0.0,4226.98,90.39999999999998,2.771,0.0,167,543670664,222558872,2025-08-29 16:11:09+00:00
1,0,167,56,86,0.0,4238.68,91.20000000000005,2.771,0.0,167,543669910,222560272,2025-08-29 16:11:13+00:00
1,1,166,56,87,0.0,4246.9,91.60000000000002,2.781,0.0,166,543669402,222561276,2025-08-29 16:11:16+00:00
1,1,165,56,87,0.0,4260.83,92.20000000000005,2.781,0.0,165,543668580,222563023,2025-08-29 16:11:21+00:00
1,1,165,56,88,0.0,4271.73,91.79999999999995,2.781,0.0,165,543667927,222564408,2025-08-29 16:11:25+00:00
1,1,166,56,88,655.34,4285.14,91.0,2.771,0.0,166,543667312,222566256,2025-08-29 16:11:30+00:00
1,1,166,56,87,655.34,4296.2,91.39999999999998,2.762,0.0,166,543666675,222567673,2025-08-29 16:11:34+00:00
1,1,166,56,87,655.34,4305.75,91.20000000000005,2.781,0.0,166,543666178,222568988,2025-08-29 16:11:37+00:00
1,1,168,56,87,655.34,4319.94,89.79999999999995,2.799,0.5,168,543665552,222570943,2025-08-29 16:11:42+00:00
1,1,167,56,88,655.34,4333.66,90.39999999999998,2.79,0.0,167,543664986,222572884,2025-08-29 16:11:47+00:00
1,1,167,56,89,655.34,4345.39,91.0,2.79,0.5,167,543664471,222574500,2025-08-29 16:11:51+00:00
1,1,168,56,89,655.34,4354.55,90.79999999999995,2.809,0.5,168,543664049,222575817,2025-08-29 16:11:54+00:00
1,2,167,56,88,0.0,4365.63,90.20000000000005,2.827,0.0,167,543663706,222577381,2025-08-29 16:11:58+00:00
1,1,168,56,87,0.0,4376.57,90.39999999999998,2.818,0.0,168,543663154,222578841,2025-08-29 16:12:02+00:00
1,1,169,56,88,0.0,4385.51,90.0,2.818,0.0,169,543662748,222580091,2025-08-29 16:12:05+00:00
1,1,169,56,86,0.0,4402.08,89.39999999999998,2.827,0.5,169,543662036,222582451,2025-08-29 16:12:11+00:00
1,1,169,56,88,0.0,4413.44,90.20000000000005,2.818,0.0,169,543661530,222583965,2025-08-29 16:12:15+00:00
1,1,169,56,86,0.0,4422.31,90.79999999999995,2.827,0.5,169,543661164,222585221,2025-08-29 16:12:18+00:00
1,1,169,56,87,0.0,4433.31,91.0,2.827,0.0,169,543660701,222586796,2025-08-29 16:12:22+00:00
1,2,169,56,87,0.0,4444.5,91.0,2.827,0.5,169,543660216,222588327,2025-08-29 16:12:26+00:00
1,1,169,56,88,0.0,4453.51,91.39999999999998,2.827,0.0,169,543659705,222589535,2025-08-29 16:12:29+00:00
1,1,168,56,87,0.0,4462.37,91.0,2.837,0.0,168,543659386,222590792,2025-08-29 16:12:32+00:00
1,1,168,56,87,0.0,4476.35,91.0,2.846,0.0,168,543658793,222592748,2025-08-29 16:12:37+00:00
1,1,168,56,87,0.0,4485.11,91.0,2.846,0.5,168,543658359,222593963,2025-08-29 16:12:40+00:00
1,1,167,56,88,0.0,4497.02,90.39999999999998,2.855,0.0,167,543657800,222595519,2025-08-29 16:12:44+00:00
1,1,168,56,88,0.0,4509.8,90.0,2.846,0.0,168,543657303,222597413,2025-08-29 16:12:49+00:00
1,1,168,56,86,0.16,4518.9,90.20000000000005,2.837,0.0,168,543656957,222598674,2025-08-29 16:12:52+00:00
1,1,168,56,88,0.0,4535.41,90.0,2.846,0.0,168,543656221,222600980,2025-08-29 16:12:58+00:00
1,1,168,56,87,36.48,4546.69,90.60000000000002,2.837,0.5,168,543655705,222602510,2025-08-29 16:13:02+00:00
1,1,167,56,88,0.0,4558.29,91.20000000000005,2.837,0.0,167,543655224,222604132,2025-08-29 16:13:06+00:00
1,1,168,56,88,0.0,4572.36,90.20000000000005,2.837,0.0,168,543654607,222606097,2025-08-29 16:13:11+00:00
1,1,169,56,88,0.0,4586.46,89.79999999999995,2.837,0.5,169,543653938,222608009,2025-08-29 16:13:16+00:00
1,1,169,56,89,0.0,4597.88,90.60000000000002,2.837,0.5,169,543653461,222609580,2025-08-29 16:13:20+00:00
1,1,169,56,89,0.0,4609.39,90.60000000000002,2.846,0.5,169,543652927,222611138,2025-08-29 16:13:24+00:00
1,1,169,56,89,0.0,4620.73,90.39999999999998,2.846,0.0,169,543652459,222612780,2025-08-29 16:13:28+00:00
1,1,168,56,89,0.0,4635.49,90.39999999999998,2.855,0.0,168,543651956,222614921,2025-08-29 16:13:33+00:00
1,1,168,56,88,0.0,4649.4,91.20000000000005,2.855,0.0,168,543651269,222616827,2025-08-29 16:13:38+00:00
1,1,168,56,88,0.0,4660.93,90.60000000000002,2.846,0.0,168,543650694,222618369,2025-08-29 16:13:42+00:00
1,1,167,56,87,34.49,4674.82,90.20000000000005,2.846,0.0,167,543650165,222620381,2025-08-29 16:13:47+00:00
1,2,167,56,87,34.49,4686.8,90.39999999999998,2.855,0.0,167,543649605,222622003,2025-08-29 16:13:51+00:00
1,2,167,56,88,655.22,4700.73,90.39999999999998,2.855,0.0,167,543649105,222623979,2025-08-29 16:13:56+00:00
1,2,167,55,88,655.22,4712.23,91.0,2.855,0.0,167,543648584,222625605,2025-08-29 16:14:00+00:00
1,2,167,55,88,0.0,4725.97,90.60000000000002,2.846,0.5,167,543647912,222627394,2025-08-29 16:14:05+00:00
1,1,168,55,89,0.0,4735.05,90.79999999999995,2.846,0.0,168,543647482,222628685,2025-08-29 16:14:08+00:00
1,1,170,55,88,0.0,4748.66,90.39999999999998,2.846,0.0,170,543646783,222630571,2025-08-29 16:14:13+00:00
1,1,170,55,88,0.0,4760.24,91.0,2.837,0.0,170,543646236,222632153,2025-08-29 16:14:17+00:00
1,1,171,55,88,0.0,4772.75,90.60000000000002,2.865,0.0,171,543645708,222633856,2025-08-29 16:14:21+00:00
1,1,171,55,87,0.0,4781.26,90.20000000000005,2.874,0.0,171,543645091,222634842,2025-08-29 16:14:24+00:00
1,1,171,55,86,0.0,4784.03,90.39999999999998,2.874,0.0,171,543644918,222635161,2025-08-29 16:14:25+00:00
1,1,169,55,87,0.0,4794.04,90.39999999999998,2.874,0.0,169,543644152,222636224,2025-08-29 16:14:28+00:00
1,1,170,55,86,0.0,4804.99,90.20000000000005,2.883,0.0,170,543643416,222637485,2025-08-29 16:14:32+00:00
1,1,169,55,86,0.0,4813.8,90.20000000000005,2.883,0.0,169,543642702,222638426,2025-08-29 16:14:35+00:00
1,1,167,55,86,0.0,4825.63,89.20000000000005,2.883,0.0,167,543641751,222639581,2025-08-29 16:14:39+00:00
1,1,168,55,88,0.0,4837.64,89.60000000000002,2.911,0.0,168,543640769,222640651,2025-08-29 16:14:43+00:00
1,1,169,55,87,0.0,4847.15,89.20000000000005,2.921,0.0,169,543639891,222641570,2025-08-29 16:14:46+00:00
1,1,168,55,88,24.98,4856.29,89.0,2.939,0.0,168,543639167,222642461,2025-08-29 16:14:49+00:00
1,1,169,55,87,24.98,4869.72,89.60000000000002,2.93,0.0,169,543638097,222643847,2025-08-29 16:14:54+00:00
1,1,168,55,88,0.0,4881.24,89.39999999999998,2.93,0.5,168,543637229,222645074,2025-08-29 16:14:58+00:00
1,1,169,55,87,0.0,4890.96,88.79999999999995,2.93,0.0,169,543636447,222646124,2025-08-29 16:15:01+00:00
1,1,168,55,89,0.0,4902.77,88.79999999999995,2.948,0.0,168,543635544,222647332,2025-08-29 16:15:05+00:00
1,1,168,55,88,0.0,4918.54,89.20000000000005,2.967,0.5,168,543634178,222648836,2025-08-29 16:15:10+00:00
1,1,168,55,88,0.0,4927.52,89.39999999999998,2.986,0.5,168,543633545,222649774,2025-08-29 16:15:13+00:00
1,1,168,55,88,0.0,4939.53,89.0,2.995,0.0,168,543632505,222650869,2025-08-29 16:15:17+00:00
1,1,168,55,87,0.0,4951.07,89.0,2.986,0.0,168,543631594,222652103,2025-08-29 16:15:21+00:00
1,1,169,55,88,0.0,4963.47,88.79999999999995,2.986,0.5,169,543630616,222653384,2025-08-29 16:15:25+00:00
1,1,169,55,86,0.0,4975.65,88.39999999999998,3.004,0.5,169,543629705,222654613,2025-08-29 16:15:29+00:00
1,1,170,55,89,0.0,4989.18,88.39999999999998,2.986,0.0,170,543628487,222655882,2025-08-29 16:15:34+00:00
1,1,169,55,88,16.04,5001.43,88.60000000000002,2.976,0.5,169,543627293,222657457,2025-08-29 16:15:38+00:00
1,1,169,55,88,15.43,5004.81,88.39999999999998,2.976,0.5,169,543627010,222657742,2025-08-29 16:15:39+00:00
1,1,169,55,88,0.0,5007.83,88.20000000000005,2.986,0.5,169,543626882,222657881,2025-08-29 16:15:40+00:00
