135,136,143,current_stress,enhanced_respiration_rate,heart_rate,timestamp
20,57,80,14.0,16.0,57,2025-06-10 09:01:13+00:00
26,56,80,14.0,16.0,56,2025-06-10 09:01:14+00:00
28,57,80,14.0,16.0,57,2025-06-10 09:01:15+00:00
29,58,80,14.0,16.0,58,2025-06-10 09:01:16+00:00
29,59,80,14.0,16.0,59,2025-06-10 09:01:17+00:00
27,60,80,14.0,16.0,60,2025-06-10 09:01:18+00:00
27,60,80,14.0,15.0,60,2025-06-10 09:01:19+00:00
27,60,80,15.0,15.0,60,2025-06-10 09:01:20+00:00
36,61,80,15.0,15.0,61,2025-06-10 09:01:21+00:00
39,62,80,15.0,14.0,62,2025-06-10 09:01:22+00:00
42,63,80,15.0,14.0,63,2025-06-10 09:01:23+00:00
42,64,80,15.0,14.0,64,2025-06-10 09:01:24+00:00
40,66,80,16.0,13.0,66,2025-06-10 09:01:25+00:00
40,66,80,16.0,13.0,66,2025-06-10 09:01:26+00:00
41,67,80,16.0,13.0,67,2025-06-10 09:01:27+00:00
41,67,80,16.0,13.0,67,2025-06-10 09:01:28+00:00
46,68,80,16.0,13.0,68,2025-06-10 09:01:29+00:00
42,69,80,17.0,13.0,69,2025-06-10 09:01:30+00:00
42,69,80,17.0,13.0,69,2025-06-10 09:01:31+00:00
42,69,80,17.0,13.0,69,2025-06-10 09:01:32+00:00
58,70,80,17.0,13.0,70,2025-06-10 09:01:33+00:00
58,70,80,17.0,13.0,70,2025-06-10 09:01:34+00:00
58,70,80,17.0,13.0,70,2025-06-10 09:01:35+00:00
58,70,80,17.0,13.0,70,2025-06-10 09:01:36+00:00
56,71,80,17.0,14.0,71,2025-06-10 09:01:37+00:00
56,71,80,17.0,14.0,71,2025-06-10 09:01:38+00:00
56,71,80,17.0,14.0,71,2025-06-10 09:01:39+00:00
56,71,80,21.0,14.0,71,2025-06-10 09:01:40+00:00
33,68,80,21.0,14.0,68,2025-06-10 09:01:41+00:00
29,65,80,21.0,14.0,65,2025-06-10 09:01:42+00:00
16,59,80,21.0,14.0,59,2025-06-10 09:01:43+00:00
10,56,80,21.0,14.0,56,2025-06-10 09:01:44+00:00
4,55,80,22.0,14.0,55,2025-06-10 09:01:45+00:00
4,55,80,22.0,14.0,55,2025-06-10 09:01:46+00:00
4,55,80,22.0,14.0,55,2025-06-10 09:01:47+00:00
4,55,80,22.0,14.0,55,2025-06-10 09:01:48+00:00
4,55,80,22.0,14.0,55,2025-06-10 09:01:49+00:00
4,55,80,23.0,14.0,55,2025-06-10 09:01:50+00:00
2,56,80,23.0,14.0,56,2025-06-10 09:01:51+00:00
4,57,80,23.0,14.0,57,2025-06-10 09:01:52+00:00
5,58,80,23.0,14.0,58,2025-06-10 09:01:53+00:00
5,59,80,23.0,14.0,59,2025-06-10 09:01:54+00:00
5,59,80,23.0,14.0,59,2025-06-10 09:01:55+00:00
5,59,80,23.0,14.0,59,2025-06-10 09:01:56+00:00
5,58,80,23.0,14.0,58,2025-06-10 09:01:57+00:00
3,56,80,23.0,14.0,56,2025-06-10 09:01:58+00:00
0,54,80,23.0,14.0,54,2025-06-10 09:01:59+00:00
0,53,78,22.0,14.0,53,2025-06-10 09:02:00+00:00
0,53,78,22.0,14.0,53,2025-06-10 09:02:01+00:00
0,53,78,22.0,14.0,53,2025-06-10 09:02:02+00:00
0,53,78,22.0,13.0,53,2025-06-10 09:02:03+00:00
0,53,78,22.0,13.0,53,2025-06-10 09:02:04+00:00
0,52,78,20.0,13.0,52,2025-06-10 09:02:05+00:00
0,52,78,20.0,13.0,52,2025-06-10 09:02:06+00:00
0,52,78,20.0,13.0,52,2025-06-10 09:02:07+00:00
0,52,78,20.0,13.0,52,2025-06-10 09:02:08+00:00
1,51,78,20.0,13.0,51,2025-06-10 09:02:09+00:00
1,52,78,17.0,13.0,52,2025-06-10 09:02:10+00:00
1,52,78,17.0,13.0,52,2025-06-10 09:02:11+00:00
1,53,78,17.0,13.0,53,2025-06-10 09:02:12+00:00
1,53,78,17.0,13.0,53,2025-06-10 09:02:13+00:00
1,53,78,17.0,13.0,53,2025-06-10 09:02:14+00:00
2,52,78,14.0,13.0,52,2025-06-10 09:02:15+00:00
1,53,78,14.0,13.0,53,2025-06-10 09:02:16+00:00
1,53,78,14.0,13.0,53,2025-06-10 09:02:17+00:00
1,52,78,14.0,13.0,52,2025-06-10 09:02:18+00:00
1,52,78,14.0,13.0,52,2025-06-10 09:02:19+00:00
1,51,78,11.0,13.0,51,2025-06-10 09:02:20+00:00
1,51,78,11.0,13.0,51,2025-06-10 09:02:21+00:00
1,51,78,11.0,13.0,51,2025-06-10 09:02:22+00:00
1,51,78,11.0,13.0,51,2025-06-10 09:02:23+00:00
1,51,78,11.0,13.0,51,2025-06-10 09:02:24+00:00
1,51,78,8.0,13.0,51,2025-06-10 09:02:25+00:00
1,52,78,8.0,13.0,52,2025-06-10 09:02:26+00:00
1,51,78,8.0,13.0,51,2025-06-10 09:02:27+00:00
1,51,78,8.0,13.0,51,2025-06-10 09:02:28+00:00
1,52,78,8.0,13.0,52,2025-06-10 09:02:29+00:00
2,51,78,7.0,13.0,51,2025-06-10 09:02:30+00:00
2,51,78,7.0,13.0,51,2025-06-10 09:02:31+00:00
2,50,78,7.0,13.0,50,2025-06-10 09:02:32+00:00
2,51,78,7.0,13.0,51,2025-06-10 09:02:33+00:00
2,51,78,7.0,13.0,51,2025-06-10 09:02:34+00:00
2,51,78,8.0,13.0,51,2025-06-10 09:02:35+00:00
2,51,78,8.0,14.0,51,2025-06-10 09:02:36+00:00
2,51,78,8.0,14.0,51,2025-06-10 09:02:37+00:00
0,54,78,8.0,14.0,54,2025-06-10 09:02:38+00:00
0,54,78,8.0,14.0,54,2025-06-10 09:02:39+00:00
0,53,78,8.0,14.0,53,2025-06-10 09:02:40+00:00
0,53,78,8.0,14.0,53,2025-06-10 09:02:41+00:00
0,52,78,8.0,14.0,52,2025-06-10 09:02:42+00:00
0,52,78,8.0,14.0,52,2025-06-10 09:02:43+00:00
0,51,78,8.0,14.0,51,2025-06-10 09:02:44+00:00
0,51,78,6.0,14.0,51,2025-06-10 09:02:45+00:00
0,50,78,6.0,14.0,50,2025-06-10 09:02:46+00:00
0,49,78,6.0,14.0,49,2025-06-10 09:02:47+00:00
0,49,78,6.0,14.0,49,2025-06-10 09:02:48+00:00
0,48,78,6.0,14.0,48,2025-06-10 09:02:49+00:00
0,48,78,6.0,14.0,48,2025-06-10 09:02:50+00:00
0,48,78,6.0,14.0,48,2025-06-10 09:02:51+00:00
0,48,78,6.0,14.0,48,2025-06-10 09:02:52+00:00
0,48,78,6.0,14.0,48,2025-06-10 09:02:53+00:00
1,49,78,6.0,14.0,49,2025-06-10 09:02:54+00:00
1,48,78,5.0,14.0,48,2025-06-10 09:02:55+00:00
1,48,78,5.0,14.0,48,2025-06-10 09:02:56+00:00
1,48,78,5.0,15.0,48,2025-06-10 09:02:57+00:00
1,48,78,5.0,15.0,48,2025-06-10 09:02:58+00:00
1,49,78,5.0,15.0,49,2025-06-10 09:02:59+00:00
1,49,78,4.0,15.0,49,2025-06-10 09:03:00+00:00
1,49,78,4.0,15.0,49,2025-06-10 09:03:01+00:00
1,50,78,4.0,15.0,50,2025-06-10 09:03:02+00:00
1,50,78,4.0,15.0,50,2025-06-10 09:03:03+00:00
1,50,78,4.0,15.0,50,2025-06-10 09:03:04+00:00
1,51,78,3.0,15.0,51,2025-06-10 09:03:05+00:00
1,52,78,3.0,15.0,52,2025-06-10 09:03:06+00:00
1,52,78,3.0,15.0,52,2025-06-10 09:03:07+00:00
1,52,78,3.0,15.0,52,2025-06-10 09:03:08+00:00
1,53,78,3.0,15.0,53,2025-06-10 09:03:09+00:00
1,53,78,3.0,15.0,53,2025-06-10 09:03:10+00:00
1,53,78,3.0,15.0,53,2025-06-10 09:03:11+00:00
1,52,78,3.0,16.0,52,2025-06-10 09:03:12+00:00
1,52,78,3.0,16.0,52,2025-06-10 09:03:13+00:00
1,53,78,3.0,16.0,53,2025-06-10 09:03:14+00:00
1,53,78,3.0,16.0,53,2025-06-10 09:03:15+00:00
1,53,78,3.0,16.0,53,2025-06-10 09:03:16+00:00
1,54,78,3.0,16.0,54,2025-06-10 09:03:17+00:00
1,54,78,3.0,16.0,54,2025-06-10 09:03:18+00:00
1,54,78,3.0,16.0,54,2025-06-10 09:03:19+00:00
1,53,78,3.0,16.0,53,2025-06-10 09:03:20+00:00
1,53,78,3.0,17.0,53,2025-06-10 09:03:21+00:00
1,53,78,3.0,17.0,53,2025-06-10 09:03:22+00:00
1,53,78,3.0,17.0,53,2025-06-10 09:03:23+00:00
1,53,78,3.0,17.0,53,2025-06-10 09:03:24+00:00
1,53,78,3.0,17.0,53,2025-06-10 09:03:25+00:00
1,52,78,3.0,17.0,52,2025-06-10 09:03:26+00:00
1,53,78,3.0,17.0,53,2025-06-10 09:03:27+00:00
1,52,78,3.0,17.0,52,2025-06-10 09:03:28+00:00
1,52,78,3.0,17.0,52,2025-06-10 09:03:29+00:00
1,51,78,3.0,17.0,51,2025-06-10 09:03:30+00:00
1,51,78,3.0,17.0,51,2025-06-10 09:03:31+00:00
1,51,78,3.0,17.0,51,2025-06-10 09:03:32+00:00
1,51,78,3.0,17.0,51,2025-06-10 09:03:33+00:00
1,51,78,3.0,17.0,51,2025-06-10 09:03:34+00:00
1,52,78,3.0,17.0,52,2025-06-10 09:03:35+00:00
1,51,78,3.0,17.0,51,2025-06-10 09:03:36+00:00
1,51,78,3.0,17.0,51,2025-06-10 09:03:37+00:00
1,51,78,3.0,17.0,51,2025-06-10 09:03:38+00:00
1,51,78,3.0,17.0,51,2025-06-10 09:03:39+00:00
1,51,78,2.0,17.0,51,2025-06-10 09:03:40+00:00
1,51,78,2.0,17.0,51,2025-06-10 09:03:41+00:00
1,50,78,2.0,17.0,50,2025-06-10 09:03:42+00:00
1,50,78,2.0,17.0,50,2025-06-10 09:03:43+00:00
1,50,78,2.0,17.0,50,2025-06-10 09:03:44+00:00
1,50,78,1.0,17.0,50,2025-06-10 09:03:45+00:00
1,50,78,1.0,17.0,50,2025-06-10 09:03:46+00:00
1,50,78,1.0,17.0,50,2025-06-10 09:03:47+00:00
2,51,78,1.0,17.0,51,2025-06-10 09:03:48+00:00
2,51,78,1.0,17.0,51,2025-06-10 09:03:49+00:00
2,51,78,1.0,17.0,51,2025-06-10 09:03:50+00:00
2,51,78,1.0,17.0,51,2025-06-10 09:03:51+00:00
2,51,78,1.0,16.0,51,2025-06-10 09:03:52+00:00
1,50,78,1.0,16.0,50,2025-06-10 09:03:53+00:00
1,50,78,1.0,16.0,50,2025-06-10 09:03:54+00:00
0,49,78,1.0,16.0,49,2025-06-10 09:03:55+00:00
0,50,78,1.0,16.0,50,2025-06-10 09:03:56+00:00
1,51,78,1.0,16.0,51,2025-06-10 09:03:57+00:00
3,52,78,1.0,16.0,52,2025-06-10 09:03:58+00:00
3,52,78,1.0,16.0,52,2025-06-10 09:03:59+00:00
3,52,78,1.0,16.0,52,2025-06-10 09:04:00+00:00
7,51,78,1.0,16.0,51,2025-06-10 09:04:01+00:00
7,51,78,1.0,16.0,51,2025-06-10 09:04:02+00:00
8,52,78,1.0,16.0,52,2025-06-10 09:04:03+00:00
8,52,78,1.0,16.0,52,2025-06-10 09:04:04+00:00
9,51,78,1.0,16.0,51,2025-06-10 09:04:05+00:00
9,51,78,1.0,15.0,51,2025-06-10 09:04:06+00:00
9,51,78,1.0,15.0,51,2025-06-10 09:04:07+00:00
9,51,78,1.0,15.0,51,2025-06-10 09:04:08+00:00
21,52,78,1.0,15.0,52,2025-06-10 09:04:09+00:00
21,57,78,1.0,15.0,57,2025-06-10 09:04:10+00:00
7,65,78,1.0,15.0,65,2025-06-10 09:04:11+00:00
3,67,78,1.0,15.0,67,2025-06-10 09:04:12+00:00
0,56,78,19.0,15.0,56,2025-06-10 09:04:55+00:00
1,57,78,19.0,15.0,57,2025-06-10 09:04:56+00:00
1,57,78,19.0,15.0,57,2025-06-10 09:04:57+00:00
3,58,78,19.0,15.0,58,2025-06-10 09:04:58+00:00
3,58,78,19.0,15.0,58,2025-06-10 09:04:59+00:00
4,59,78,19.0,14.0,59,2025-06-10 09:05:00+00:00
1,60,78,19.0,14.0,60,2025-06-10 09:05:01+00:00
1,60,78,19.0,14.0,60,2025-06-10 09:05:02+00:00
1,60,78,19.0,14.0,60,2025-06-10 09:05:03+00:00
1,62,78,19.0,14.0,62,2025-06-10 09:05:04+00:00
1,64,78,19.0,14.0,64,2025-06-10 09:05:05+00:00
1,65,78,19.0,13.0,65,2025-06-10 09:05:06+00:00
0,66,78,19.0,13.0,66,2025-06-10 09:05:07+00:00
0,67,78,19.0,13.0,67,2025-06-10 09:05:08+00:00
0,67,78,19.0,13.0,67,2025-06-10 09:05:09+00:00
0,67,78,21.0,13.0,67,2025-06-10 09:05:10+00:00
0,66,78,21.0,12.0,66,2025-06-10 09:05:11+00:00
1,65,78,21.0,12.0,65,2025-06-10 09:05:12+00:00
1,63,78,21.0,12.0,63,2025-06-10 09:05:13+00:00
1,60,78,21.0,12.0,60,2025-06-10 09:05:14+00:00
1,58,78,22.0,12.0,58,2025-06-10 09:05:15+00:00
1,56,78,22.0,12.0,56,2025-06-10 09:05:16+00:00
1,55,78,22.0,12.0,55,2025-06-10 09:05:17+00:00
1,55,78,22.0,12.0,55,2025-06-10 09:05:18+00:00
1,55,78,22.0,12.0,55,2025-06-10 09:05:19+00:00
1,55,78,24.0,12.0,55,2025-06-10 09:05:20+00:00
1,55,78,24.0,12.0,55,2025-06-10 09:05:21+00:00
1,56,78,24.0,12.0,56,2025-06-10 09:05:22+00:00
1,56,78,24.0,11.0,56,2025-06-10 09:05:23+00:00
1,56,78,24.0,11.0,56,2025-06-10 09:05:24+00:00
1,56,78,23.0,11.0,56,2025-06-10 09:05:25+00:00
1,57,78,23.0,11.0,57,2025-06-10 09:05:26+00:00
1,57,78,23.0,11.0,57,2025-06-10 09:05:27+00:00
1,58,78,23.0,12.0,58,2025-06-10 09:05:28+00:00
1,60,78,23.0,12.0,60,2025-06-10 09:05:29+00:00
0,61,78,22.0,12.0,61,2025-06-10 09:05:30+00:00
0,62,78,22.0,12.0,62,2025-06-10 09:05:31+00:00
0,62,78,22.0,12.0,62,2025-06-10 09:05:32+00:00
0,62,78,22.0,12.0,62,2025-06-10 09:05:33+00:00
0,62,78,22.0,12.0,62,2025-06-10 09:05:34+00:00
0,62,78,23.0,12.0,62,2025-06-10 09:05:35+00:00
0,61,78,23.0,12.0,61,2025-06-10 09:05:36+00:00
0,60,78,23.0,12.0,60,2025-06-10 09:05:37+00:00
0,60,78,23.0,12.0,60,2025-06-10 09:05:38+00:00
0,60,78,23.0,12.0,60,2025-06-10 09:05:39+00:00
0,60,78,22.0,12.0,60,2025-06-10 09:05:40+00:00
0,60,78,22.0,12.0,60,2025-06-10 09:05:41+00:00
0,60,78,22.0,12.0,60,2025-06-10 09:05:42+00:00
0,59,78,22.0,12.0,59,2025-06-10 09:05:43+00:00
0,58,78,22.0,12.0,58,2025-06-10 09:05:44+00:00
0,58,78,21.0,12.0,58,2025-06-10 09:05:45+00:00
0,57,78,21.0,12.0,57,2025-06-10 09:05:46+00:00
0,57,78,21.0,12.0,57,2025-06-10 09:05:47+00:00
0,57,78,21.0,12.0,57,2025-06-10 09:05:48+00:00
0,57,78,21.0,13.0,57,2025-06-10 09:05:49+00:00
0,57,78,20.0,13.0,57,2025-06-10 09:05:50+00:00
1,58,78,20.0,13.0,58,2025-06-10 09:05:51+00:00
1,57,78,20.0,14.0,57,2025-06-10 09:05:52+00:00
1,57,78,20.0,14.0,57,2025-06-10 09:05:53+00:00
1,57,78,20.0,14.0,57,2025-06-10 09:05:54+00:00
1,58,78,20.0,14.0,58,2025-06-10 09:05:55+00:00
1,58,78,20.0,14.0,58,2025-06-10 09:05:56+00:00
1,58,78,20.0,15.0,58,2025-06-10 09:05:57+00:00
1,58,78,20.0,15.0,58,2025-06-10 09:05:58+00:00
1,57,78,20.0,16.0,57,2025-06-10 09:05:59+00:00
1,57,78,20.0,16.0,57,2025-06-10 09:06:00+00:00
1,57,78,20.0,16.0,57,2025-06-10 09:06:01+00:00
1,57,78,20.0,16.0,57,2025-06-10 09:06:02+00:00
1,57,78,20.0,16.0,57,2025-06-10 09:06:03+00:00
1,57,78,20.0,17.0,57,2025-06-10 09:06:04+00:00
1,56,78,18.0,17.0,56,2025-06-10 09:06:05+00:00
1,56,78,18.0,17.0,56,2025-06-10 09:06:06+00:00
1,56,78,18.0,17.0,56,2025-06-10 09:06:07+00:00
1,56,78,18.0,17.0,56,2025-06-10 09:06:08+00:00
1,56,78,18.0,17.0,56,2025-06-10 09:06:09+00:00
1,55,78,18.0,17.0,55,2025-06-10 09:06:10+00:00
2,56,78,18.0,17.0,56,2025-06-10 09:06:11+00:00
2,56,78,18.0,17.0,56,2025-06-10 09:06:12+00:00
1,55,78,18.0,17.0,55,2025-06-10 09:06:13+00:00
1,55,78,18.0,17.0,55,2025-06-10 09:06:14+00:00
1,54,78,18.0,17.0,54,2025-06-10 09:06:15+00:00
1,54,78,18.0,17.0,54,2025-06-10 09:06:16+00:00
1,55,78,18.0,17.0,55,2025-06-10 09:06:17+00:00
1,55,78,18.0,18.0,55,2025-06-10 09:06:18+00:00
1,56,78,18.0,18.0,56,2025-06-10 09:06:19+00:00
1,56,78,18.0,18.0,56,2025-06-10 09:06:20+00:00
1,56,78,18.0,18.0,56,2025-06-10 09:06:21+00:00
1,55,78,18.0,18.0,55,2025-06-10 09:06:22+00:00
1,56,78,18.0,18.0,56,2025-06-10 09:06:23+00:00
0,55,78,18.0,18.0,55,2025-06-10 09:06:24+00:00
0,55,78,18.0,18.0,55,2025-06-10 09:06:25+00:00
0,56,78,18.0,18.0,56,2025-06-10 09:06:26+00:00
0,57,78,18.0,18.0,57,2025-06-10 09:06:27+00:00
0,57,78,18.0,18.0,57,2025-06-10 09:06:28+00:00
0,57,78,18.0,18.0,57,2025-06-10 09:06:29+00:00
0,57,78,18.0,18.0,57,2025-06-10 09:06:30+00:00
0,58,78,18.0,18.0,58,2025-06-10 09:06:31+00:00
1,57,78,18.0,18.0,57,2025-06-10 09:06:32+00:00
1,57,78,18.0,19.0,57,2025-06-10 09:06:33+00:00
1,57,78,18.0,19.0,57,2025-06-10 09:06:34+00:00
1,57,78,18.0,19.0,57,2025-06-10 09:06:35+00:00
1,58,78,18.0,19.0,58,2025-06-10 09:06:36+00:00
1,58,78,18.0,19.0,58,2025-06-10 09:06:37+00:00
1,59,78,18.0,19.0,59,2025-06-10 09:06:38+00:00
1,60,78,18.0,19.0,60,2025-06-10 09:06:39+00:00
0,63,78,19.0,19.0,63,2025-06-10 09:06:40+00:00
0,65,78,19.0,19.0,65,2025-06-10 09:06:41+00:00
0,66,78,19.0,19.0,66,2025-06-10 09:06:42+00:00
0,68,78,19.0,19.0,68,2025-06-10 09:06:43+00:00
0,68,78,19.0,19.0,68,2025-06-10 09:06:44+00:00
0,68,78,20.0,19.0,68,2025-06-10 09:06:45+00:00
0,68,78,20.0,19.0,68,2025-06-10 09:06:46+00:00
0,67,78,20.0,19.0,67,2025-06-10 09:06:47+00:00
0,67,78,20.0,19.0,67,2025-06-10 09:06:48+00:00
0,67,78,20.0,19.0,67,2025-06-10 09:06:49+00:00
0,67,78,21.0,19.0,67,2025-06-10 09:06:50+00:00
0,68,78,21.0,19.0,68,2025-06-10 09:06:51+00:00
0,68,78,21.0,18.0,68,2025-06-10 09:06:52+00:00
0,68,78,21.0,18.0,68,2025-06-10 09:06:53+00:00
0,67,78,21.0,18.0,67,2025-06-10 09:06:54+00:00
0,67,78,21.0,18.0,67,2025-06-10 09:06:55+00:00
0,67,78,21.0,18.0,67,2025-06-10 09:06:56+00:00
4,68,78,21.0,18.0,68,2025-06-10 09:06:57+00:00
4,68,78,21.0,18.0,68,2025-06-10 09:06:58+00:00
4,68,78,21.0,18.0,68,2025-06-10 09:06:59+00:00
14,67,78,21.0,18.0,67,2025-06-10 09:07:00+00:00
15,66,78,21.0,18.0,66,2025-06-10 09:07:01+00:00
16,63,78,21.0,18.0,63,2025-06-10 09:07:02+00:00
12,60,78,21.0,18.0,60,2025-06-10 09:07:03+00:00
1,57,78,21.0,17.0,57,2025-06-10 09:07:04+00:00
0,56,78,20.0,17.0,56,2025-06-10 09:07:05+00:00
0,56,78,20.0,17.0,56,2025-06-10 09:07:06+00:00
0,56,78,20.0,16.0,56,2025-06-10 09:07:07+00:00
1,58,78,20.0,16.0,58,2025-06-10 09:07:08+00:00
0,60,78,20.0,16.0,60,2025-06-10 09:07:09+00:00
0,61,78,19.0,16.0,61,2025-06-10 09:07:10+00:00
0,61,78,19.0,16.0,61,2025-06-10 09:07:11+00:00
1,62,78,19.0,16.0,62,2025-06-10 09:07:12+00:00
1,62,78,19.0,16.0,62,2025-06-10 09:07:13+00:00
1,62,78,19.0,16.0,62,2025-06-10 09:07:14+00:00
1,62,78,17.0,16.0,62,2025-06-10 09:07:15+00:00
1,61,78,17.0,16.0,61,2025-06-10 09:07:16+00:00
1,62,78,17.0,16.0,62,2025-06-10 09:07:17+00:00
1,62,78,17.0,16.0,62,2025-06-10 09:07:18+00:00
1,60,78,17.0,16.0,60,2025-06-10 09:07:19+00:00
0,59,78,16.0,16.0,59,2025-06-10 09:07:20+00:00
0,58,78,16.0,16.0,58,2025-06-10 09:07:21+00:00
0,58,78,16.0,16.0,58,2025-06-10 09:07:22+00:00
0,57,78,16.0,16.0,57,2025-06-10 09:07:23+00:00
0,55,78,16.0,16.0,55,2025-06-10 09:07:24+00:00
0,54,78,14.0,16.0,54,2025-06-10 09:07:25+00:00
0,53,78,14.0,16.0,53,2025-06-10 09:07:26+00:00
0,53,78,14.0,16.0,53,2025-06-10 09:07:27+00:00
0,53,78,14.0,16.0,53,2025-06-10 09:07:28+00:00
0,53,78,14.0,16.0,53,2025-06-10 09:07:29+00:00
0,53,78,13.0,16.0,53,2025-06-10 09:07:30+00:00
1,52,78,13.0,16.0,52,2025-06-10 09:07:31+00:00
0,53,78,13.0,16.0,53,2025-06-10 09:07:32+00:00
0,53,78,13.0,16.0,53,2025-06-10 09:07:33+00:00
1,54,78,13.0,16.0,54,2025-06-10 09:07:34+00:00
1,54,78,12.0,16.0,54,2025-06-10 09:07:35+00:00
1,54,78,12.0,16.0,54,2025-06-10 09:07:36+00:00
0,55,78,12.0,16.0,55,2025-06-10 09:07:37+00:00
0,56,78,12.0,16.0,56,2025-06-10 09:07:38+00:00
0,56,78,12.0,16.0,56,2025-06-10 09:07:39+00:00
0,56,78,13.0,16.0,56,2025-06-10 09:07:40+00:00
0,55,78,13.0,16.0,55,2025-06-10 09:07:41+00:00
0,55,78,13.0,16.0,55,2025-06-10 09:07:42+00:00
0,54,78,13.0,16.0,54,2025-06-10 09:07:43+00:00
0,54,78,13.0,16.0,54,2025-06-10 09:07:44+00:00
0,54,78,12.0,16.0,54,2025-06-10 09:07:45+00:00
0,54,78,12.0,16.0,54,2025-06-10 09:07:46+00:00
0,54,78,12.0,16.0,54,2025-06-10 09:07:47+00:00
0,54,78,12.0,16.0,54,2025-06-10 09:07:48+00:00
0,55,78,12.0,16.0,55,2025-06-10 09:07:49+00:00
0,55,78,12.0,16.0,55,2025-06-10 09:07:50+00:00
0,56,78,12.0,16.0,56,2025-06-10 09:07:51+00:00
0,58,78,12.0,16.0,58,2025-06-10 09:07:52+00:00
0,58,78,12.0,16.0,58,2025-06-10 09:07:53+00:00
0,58,78,12.0,16.0,58,2025-06-10 09:07:54+00:00
0,58,78,14.0,16.0,58,2025-06-10 09:07:55+00:00
0,57,78,14.0,17.0,57,2025-06-10 09:07:56+00:00
0,57,78,14.0,17.0,57,2025-06-10 09:07:57+00:00
0,57,78,14.0,17.0,57,2025-06-10 09:07:58+00:00
0,57,78,14.0,17.0,57,2025-06-10 09:07:59+00:00
0,57,78,15.0,17.0,57,2025-06-10 09:08:00+00:00
6,56,78,15.0,17.0,56,2025-06-10 09:08:01+00:00
6,56,78,15.0,17.0,56,2025-06-10 09:08:02+00:00
6,56,78,15.0,18.0,56,2025-06-10 09:08:03+00:00
3,57,78,15.0,18.0,57,2025-06-10 09:08:04+00:00
3,57,78,16.0,18.0,57,2025-06-10 09:08:05+00:00
3,57,78,16.0,18.0,57,2025-06-10 09:08:06+00:00
0,58,78,16.0,18.0,58,2025-06-10 09:08:07+00:00
0,58,78,16.0,18.0,58,2025-06-10 09:08:08+00:00
5,59,78,16.0,18.0,59,2025-06-10 09:08:09+00:00
12,60,78,16.0,19.0,60,2025-06-10 09:08:10+00:00
16,61,78,16.0,19.0,61,2025-06-10 09:08:11+00:00
12,62,78,16.0,19.0,62,2025-06-10 09:08:12+00:00
5,65,78,16.0,19.0,65,2025-06-10 09:08:13+00:00
4,66,78,16.0,19.0,66,2025-06-10 09:08:14+00:00
2,67,78,17.0,19.0,67,2025-06-10 09:08:15+00:00
2,68,78,17.0,19.0,68,2025-06-10 09:08:16+00:00
1,69,78,17.0,19.0,69,2025-06-10 09:08:17+00:00
1,70,78,17.0,19.0,70,2025-06-10 09:08:18+00:00
1,70,78,17.0,19.0,70,2025-06-10 09:08:19+00:00
1,71,78,18.0,19.0,71,2025-06-10 09:08:20+00:00
5,72,78,18.0,19.0,72,2025-06-10 09:08:21+00:00
1,73,78,18.0,19.0,73,2025-06-10 09:08:22+00:00
1,73,78,18.0,19.0,73,2025-06-10 09:08:23+00:00
1,73,78,18.0,19.0,73,2025-06-10 09:08:24+00:00
5,74,78,18.0,19.0,74,2025-06-10 09:08:25+00:00
11,75,78,18.0,19.0,75,2025-06-10 09:08:26+00:00
11,75,78,18.0,19.0,75,2025-06-10 09:08:27+00:00
11,75,78,18.0,19.0,75,2025-06-10 09:08:28+00:00
11,75,78,18.0,19.0,75,2025-06-10 09:08:29+00:00
11,75,78,18.0,19.0,75,2025-06-10 09:08:30+00:00
16,74,78,18.0,19.0,74,2025-06-10 09:08:31+00:00
16,74,78,18.0,19.0,74,2025-06-10 09:08:32+00:00
16,74,78,18.0,19.0,74,2025-06-10 09:08:33+00:00
12,73,78,18.0,18.0,73,2025-06-10 09:08:34+00:00
9,72,78,36.0,18.0,72,2025-06-10 09:08:35+00:00
10,71,78,36.0,18.0,71,2025-06-10 09:08:36+00:00
7,70,78,36.0,18.0,70,2025-06-10 09:08:37+00:00
5,68,78,36.0,18.0,68,2025-06-10 09:08:38+00:00
1,67,78,36.0,18.0,67,2025-06-10 09:08:39+00:00
1,67,78,34.0,18.0,67,2025-06-10 09:08:40+00:00
1,66,78,34.0,18.0,66,2025-06-10 09:08:41+00:00
1,66,78,34.0,18.0,66,2025-06-10 09:08:42+00:00
1,65,78,34.0,17.0,65,2025-06-10 09:08:43+00:00
1,65,78,34.0,17.0,65,2025-06-10 09:08:44+00:00
1,65,78,32.0,17.0,65,2025-06-10 09:08:45+00:00
1,64,78,32.0,17.0,64,2025-06-10 09:08:46+00:00
1,64,78,32.0,17.0,64,2025-06-10 09:08:47+00:00
1,63,78,32.0,17.0,63,2025-06-10 09:08:48+00:00
1,63,78,32.0,17.0,63,2025-06-10 09:08:49+00:00
1,63,78,30.0,17.0,63,2025-06-10 09:08:50+00:00
1,63,78,30.0,17.0,63,2025-06-10 09:08:51+00:00
2,62,78,30.0,17.0,62,2025-06-10 09:08:52+00:00
2,62,78,30.0,17.0,62,2025-06-10 09:08:53+00:00
1,61,78,30.0,17.0,61,2025-06-10 09:08:54+00:00
1,60,78,30.0,17.0,60,2025-06-10 09:08:55+00:00
2,59,78,30.0,17.0,59,2025-06-10 09:08:56+00:00
2,59,78,30.0,14.0,59,2025-06-10 09:08:57+00:00
1,58,78,30.0,14.0,58,2025-06-10 09:08:58+00:00
1,58,78,30.0,14.0,58,2025-06-10 09:08:59+00:00
1,58,78,29.0,14.0,58,2025-06-10 09:09:00+00:00
1,58,78,29.0,13.0,58,2025-06-10 09:09:01+00:00
1,58,78,29.0,13.0,58,2025-06-10 09:09:02+00:00
1,57,78,29.0,13.0,57,2025-06-10 09:09:03+00:00
1,57,78,29.0,13.0,57,2025-06-10 09:09:04+00:00
1,57,78,26.0,13.0,57,2025-06-10 09:09:05+00:00
1,57,78,26.0,12.0,57,2025-06-10 09:09:06+00:00
1,57,78,26.0,12.0,57,2025-06-10 09:09:07+00:00
1,57,78,26.0,12.0,57,2025-06-10 09:09:08+00:00
1,58,78,26.0,12.0,58,2025-06-10 09:09:09+00:00
2,57,78,24.0,12.0,57,2025-06-10 09:09:10+00:00
2,57,78,24.0,12.0,57,2025-06-10 09:09:11+00:00
2,57,78,24.0,12.0,57,2025-06-10 09:09:12+00:00
2,57,78,24.0,12.0,57,2025-06-10 09:09:13+00:00
2,57,78,24.0,12.0,57,2025-06-10 09:09:14+00:00
10,58,78,23.0,12.0,58,2025-06-10 09:09:15+00:00
12,57,78,23.0,12.0,57,2025-06-10 09:09:16+00:00
10,61,78,23.0,12.0,61,2025-06-10 09:09:17+00:00
4,65,78,23.0,12.0,65,2025-06-10 09:09:18+00:00
2,67,78,23.0,12.0,67,2025-06-10 09:09:19+00:00
2,68,78,21.0,12.0,68,2025-06-10 09:09:20+00:00
2,68,78,21.0,12.0,68,2025-06-10 09:09:21+00:00
2,68,78,21.0,12.0,68,2025-06-10 09:09:22+00:00
3,67,78,21.0,12.0,67,2025-06-10 09:09:23+00:00
2,69,78,21.0,12.0,69,2025-06-10 09:09:24+00:00
2,69,78,21.0,12.0,69,2025-06-10 09:09:25+00:00
2,70,78,21.0,12.0,70,2025-06-10 09:09:26+00:00
2,70,78,21.0,12.0,70,2025-06-10 09:09:27+00:00
2,70,78,21.0,12.0,70,2025-06-10 09:09:28+00:00
4,68,78,21.0,12.0,68,2025-06-10 09:09:29+00:00
4,68,78,22.0,12.0,68,2025-06-10 09:09:30+00:00
1,64,78,22.0,12.0,64,2025-06-10 09:09:31+00:00
0,63,78,22.0,12.0,63,2025-06-10 09:09:32+00:00
0,62,78,22.0,12.0,62,2025-06-10 09:09:33+00:00
0,63,78,22.0,12.0,63,2025-06-10 09:09:34+00:00
0,63,78,21.0,12.0,63,2025-06-10 09:09:35+00:00
0,63,78,21.0,12.0,63,2025-06-10 09:09:36+00:00
0,63,78,21.0,12.0,63,2025-06-10 09:09:37+00:00
0,63,78,21.0,12.0,63,2025-06-10 09:09:38+00:00
0,63,78,21.0,12.0,63,2025-06-10 09:09:39+00:00
2,62,78,22.0,12.0,62,2025-06-10 09:09:40+00:00
2,62,78,22.0,12.0,62,2025-06-10 09:09:41+00:00
2,62,78,22.0,12.0,62,2025-06-10 09:09:42+00:00
2,62,78,22.0,12.0,62,2025-06-10 09:09:43+00:00
2,62,78,22.0,12.0,62,2025-06-10 09:09:44+00:00
2,62,78,22.0,12.0,62,2025-06-10 09:09:45+00:00
1,61,78,22.0,12.0,61,2025-06-10 09:09:46+00:00
2,62,78,22.0,12.0,62,2025-06-10 09:09:47+00:00
2,62,78,22.0,12.0,62,2025-06-10 09:09:48+00:00
2,62,78,22.0,11.0,62,2025-06-10 09:09:49+00:00
12,63,78,24.0,11.0,63,2025-06-10 09:09:50+00:00
12,63,78,24.0,11.0,63,2025-06-10 09:09:51+00:00
27,65,78,24.0,11.0,65,2025-06-10 09:09:52+00:00
30,68,78,24.0,11.0,68,2025-06-10 09:09:53+00:00
32,71,78,24.0,11.0,71,2025-06-10 09:09:54+00:00
34,73,78,24.0,11.0,73,2025-06-10 09:09:55+00:00
35,75,78,24.0,11.0,75,2025-06-10 09:09:56+00:00
35,75,78,24.0,11.0,75,2025-06-10 09:09:57+00:00
45,76,78,24.0,11.0,76,2025-06-10 09:09:58+00:00
45,76,78,24.0,11.0,76,2025-06-10 09:09:59+00:00
49,77,78,22.0,11.0,77,2025-06-10 09:10:00+00:00
49,77,78,22.0,11.0,77,2025-06-10 09:10:01+00:00
7,66,78,22.0,11.0,66,2025-06-10 09:10:02+00:00
7,66,78,22.0,11.0,66,2025-06-10 09:10:03+00:00
8,67,78,22.0,11.0,67,2025-06-10 09:10:04+00:00
8,67,78,30.0,11.0,67,2025-06-10 09:10:05+00:00
9,68,78,30.0,11.0,68,2025-06-10 09:10:06+00:00
2,70,78,30.0,11.0,70,2025-06-10 09:10:07+00:00
2,70,78,30.0,11.0,70,2025-06-10 09:10:08+00:00
2,70,78,30.0,11.0,70,2025-06-10 09:10:09+00:00
2,70,78,29.0,11.0,70,2025-06-10 09:10:10+00:00
7,69,78,29.0,11.0,69,2025-06-10 09:10:11+00:00
7,70,78,29.0,11.0,70,2025-06-10 09:10:12+00:00
8,69,78,29.0,11.0,69,2025-06-10 09:10:13+00:00
8,69,78,29.0,11.0,69,2025-06-10 09:10:14+00:00
7,68,78,30.0,11.0,68,2025-06-10 09:10:15+00:00
5,69,78,30.0,11.0,69,2025-06-10 09:10:16+00:00
1,70,78,30.0,12.0,70,2025-06-10 09:10:17+00:00
1,70,78,30.0,12.0,70,2025-06-10 09:10:18+00:00
1,70,78,30.0,12.0,70,2025-06-10 09:10:19+00:00
0,69,78,30.0,12.0,69,2025-06-10 09:10:20+00:00
0,69,78,30.0,12.0,69,2025-06-10 09:10:21+00:00
0,69,78,30.0,12.0,69,2025-06-10 09:10:22+00:00
4,70,78,30.0,12.0,70,2025-06-10 09:10:23+00:00
2,72,78,30.0,12.0,72,2025-06-10 09:10:24+00:00
2,72,78,30.0,12.0,72,2025-06-10 09:10:25+00:00
2,72,78,30.0,12.0,72,2025-06-10 09:10:26+00:00
3,73,78,30.0,13.0,73,2025-06-10 09:10:27+00:00
4,72,78,30.0,13.0,72,2025-06-10 09:10:28+00:00
2,71,78,30.0,13.0,71,2025-06-10 09:10:29+00:00
1,69,78,30.0,13.0,69,2025-06-10 09:10:30+00:00
1,68,78,30.0,13.0,68,2025-06-10 09:10:31+00:00
1,68,78,30.0,13.0,68,2025-06-10 09:10:32+00:00
1,68,78,30.0,13.0,68,2025-06-10 09:10:33+00:00
1,68,78,30.0,13.0,68,2025-06-10 09:10:34+00:00
1,68,78,30.0,13.0,68,2025-06-10 09:10:35+00:00
1,68,78,30.0,13.0,68,2025-06-10 09:10:36+00:00
9,69,78,30.0,13.0,69,2025-06-10 09:10:37+00:00
9,69,78,30.0,13.0,69,2025-06-10 09:10:38+00:00
24,70,78,30.0,13.0,70,2025-06-10 09:10:39+00:00
27,72,78,32.0,14.0,72,2025-06-10 09:10:40+00:00
28,74,78,32.0,14.0,74,2025-06-10 09:10:41+00:00
28,76,78,32.0,14.0,76,2025-06-10 09:10:42+00:00
28,77,78,32.0,14.0,77,2025-06-10 09:10:43+00:00
28,77,78,32.0,14.0,77,2025-06-10 09:10:44+00:00
28,77,78,32.0,14.0,77,2025-06-10 09:10:45+00:00
28,77,78,32.0,14.0,77,2025-06-10 09:10:46+00:00
28,77,78,32.0,14.0,77,2025-06-10 09:10:47+00:00
28,74,78,32.0,14.0,74,2025-06-10 09:10:48+00:00
11,71,78,32.0,14.0,71,2025-06-10 09:10:49+00:00
11,71,78,29.0,14.0,71,2025-06-10 09:10:50+00:00
12,70,78,29.0,14.0,70,2025-06-10 09:10:51+00:00
12,70,78,29.0,14.0,70,2025-06-10 09:10:52+00:00
1,64,78,29.0,14.0,64,2025-06-10 09:10:53+00:00
0,63,78,29.0,14.0,63,2025-06-10 09:10:54+00:00
0,62,78,27.0,14.0,62,2025-06-10 09:10:55+00:00
0,62,78,27.0,14.0,62,2025-06-10 09:10:56+00:00
0,61,78,27.0,14.0,61,2025-06-10 09:10:57+00:00
0,61,78,27.0,14.0,61,2025-06-10 09:10:58+00:00
0,61,78,27.0,14.0,61,2025-06-10 09:10:59+00:00
0,62,78,23.0,14.0,62,2025-06-10 09:11:00+00:00
0,62,78,23.0,14.0,62,2025-06-10 09:11:01+00:00
0,62,78,23.0,14.0,62,2025-06-10 09:11:02+00:00
0,62,78,23.0,14.0,62,2025-06-10 09:11:03+00:00
0,62,78,23.0,14.0,62,2025-06-10 09:11:04+00:00
0,62,78,22.0,14.0,62,2025-06-10 09:11:05+00:00
0,62,78,22.0,14.0,62,2025-06-10 09:11:06+00:00
0,62,78,22.0,14.0,62,2025-06-10 09:11:07+00:00
0,61,78,22.0,14.0,61,2025-06-10 09:11:08+00:00
0,62,78,22.0,14.0,62,2025-06-10 09:11:09+00:00
0,62,78,22.0,14.0,62,2025-06-10 09:11:10+00:00
0,61,78,22.0,14.0,61,2025-06-10 09:11:11+00:00
0,61,78,22.0,15.0,61,2025-06-10 09:11:12+00:00
0,61,78,22.0,15.0,61,2025-06-10 09:11:13+00:00
0,60,78,22.0,15.0,60,2025-06-10 09:11:14+00:00
0,59,78,22.0,15.0,59,2025-06-10 09:11:15+00:00
1,58,78,22.0,15.0,58,2025-06-10 09:11:16+00:00
1,58,78,22.0,15.0,58,2025-06-10 09:11:17+00:00
1,57,78,22.0,15.0,57,2025-06-10 09:11:18+00:00
1,57,78,22.0,15.0,57,2025-06-10 09:11:19+00:00
1,58,78,21.0,15.0,58,2025-06-10 09:11:20+00:00
1,58,78,21.0,15.0,58,2025-06-10 09:11:21+00:00
1,58,78,21.0,14.0,58,2025-06-10 09:11:22+00:00
1,58,78,21.0,14.0,58,2025-06-10 09:11:23+00:00
1,58,78,21.0,14.0,58,2025-06-10 09:11:24+00:00
1,57,78,20.0,14.0,57,2025-06-10 09:11:25+00:00
1,56,78,20.0,14.0,56,2025-06-10 09:11:26+00:00
1,56,78,20.0,14.0,56,2025-06-10 09:11:27+00:00
1,57,78,20.0,14.0,57,2025-06-10 09:11:28+00:00
1,57,78,20.0,14.0,57,2025-06-10 09:11:29+00:00
1,57,78,20.0,14.0,57,2025-06-10 09:11:30+00:00
0,56,78,20.0,14.0,56,2025-06-10 09:11:31+00:00
0,56,78,20.0,14.0,56,2025-06-10 09:11:32+00:00
0,57,78,20.0,15.0,57,2025-06-10 09:11:33+00:00
0,57,78,20.0,15.0,57,2025-06-10 09:11:34+00:00
0,57,78,20.0,15.0,57,2025-06-10 09:11:35+00:00
0,57,78,20.0,15.0,57,2025-06-10 09:11:36+00:00
0,57,78,20.0,15.0,57,2025-06-10 09:11:37+00:00
0,57,78,20.0,15.0,57,2025-06-10 09:11:38+00:00
10,58,78,20.0,15.0,58,2025-06-10 09:11:39+00:00
10,58,78,20.0,15.0,58,2025-06-10 09:11:40+00:00
14,59,78,20.0,15.0,59,2025-06-10 09:11:41+00:00
16,60,78,20.0,15.0,60,2025-06-10 09:11:42+00:00
23,61,78,20.0,15.0,61,2025-06-10 09:11:43+00:00
27,64,78,20.0,15.0,64,2025-06-10 09:11:44+00:00
30,67,78,20.0,15.0,67,2025-06-10 09:11:45+00:00
34,69,78,20.0,15.0,69,2025-06-10 09:11:46+00:00
36,70,78,20.0,15.0,70,2025-06-10 09:11:47+00:00
36,70,78,20.0,15.0,70,2025-06-10 09:11:48+00:00
31,71,78,20.0,15.0,71,2025-06-10 09:11:49+00:00
31,71,78,21.0,15.0,71,2025-06-10 09:11:50+00:00
31,71,78,21.0,15.0,71,2025-06-10 09:11:51+00:00
31,71,78,21.0,15.0,71,2025-06-10 09:11:52+00:00
31,71,78,21.0,15.0,71,2025-06-10 09:11:53+00:00
31,71,78,21.0,15.0,71,2025-06-10 09:11:54+00:00
7,70,78,23.0,17.0,70,2025-06-10 09:11:55+00:00
5,71,78,23.0,17.0,71,2025-06-10 09:11:56+00:00
5,71,78,23.0,17.0,71,2025-06-10 09:11:57+00:00
5,72,78,23.0,17.0,72,2025-06-10 09:11:58+00:00
5,72,78,23.0,17.0,72,2025-06-10 09:11:59+00:00
5,72,78,26.0,17.0,72,2025-06-10 09:12:00+00:00
5,72,78,26.0,17.0,72,2025-06-10 09:12:01+00:00
2,71,78,26.0,17.0,71,2025-06-10 09:12:02+00:00
2,72,78,26.0,17.0,72,2025-06-10 09:12:03+00:00
2,71,78,26.0,17.0,71,2025-06-10 09:12:04+00:00
2,71,78,29.0,17.0,71,2025-06-10 09:12:05+00:00
2,71,78,29.0,17.0,71,2025-06-10 09:12:06+00:00
2,71,78,29.0,17.0,71,2025-06-10 09:12:07+00:00
2,71,78,29.0,17.0,71,2025-06-10 09:12:08+00:00
2,71,78,29.0,18.0,71,2025-06-10 09:12:09+00:00
2,71,78,36.0,18.0,71,2025-06-10 09:12:10+00:00
2,71,78,36.0,18.0,71,2025-06-10 09:12:11+00:00
2,71,78,36.0,18.0,71,2025-06-10 09:12:12+00:00
9,73,78,36.0,18.0,73,2025-06-10 09:12:13+00:00
10,75,78,36.0,18.0,75,2025-06-10 09:12:14+00:00
10,75,78,39.0,18.0,75,2025-06-10 09:12:15+00:00
10,75,78,39.0,18.0,75,2025-06-10 09:12:16+00:00
14,74,78,39.0,18.0,74,2025-06-10 09:12:17+00:00
3,70,78,39.0,18.0,70,2025-06-10 09:12:18+00:00
3,69,78,39.0,18.0,69,2025-06-10 09:12:19+00:00
1,67,78,44.0,18.0,67,2025-06-10 09:12:20+00:00
1,66,78,44.0,18.0,66,2025-06-10 09:12:21+00:00
1,64,78,44.0,18.0,64,2025-06-10 09:12:22+00:00
1,64,78,44.0,18.0,64,2025-06-10 09:12:23+00:00
1,63,78,44.0,18.0,63,2025-06-10 09:12:24+00:00
1,63,78,44.0,18.0,63,2025-06-10 09:12:25+00:00
1,63,78,44.0,18.0,63,2025-06-10 09:12:26+00:00
1,63,78,44.0,18.0,63,2025-06-10 09:12:27+00:00
1,64,78,44.0,18.0,64,2025-06-10 09:12:28+00:00
1,63,78,44.0,18.0,63,2025-06-10 09:12:29+00:00
1,62,78,44.0,18.0,62,2025-06-10 09:12:30+00:00
1,62,78,44.0,18.0,62,2025-06-10 09:12:31+00:00
1,62,78,44.0,18.0,62,2025-06-10 09:12:32+00:00
1,62,78,44.0,18.0,62,2025-06-10 09:12:33+00:00
1,62,78,44.0,18.0,62,2025-06-10 09:12:34+00:00
1,62,78,42.0,18.0,62,2025-06-10 09:12:35+00:00
1,61,78,42.0,18.0,61,2025-06-10 09:12:36+00:00
1,61,78,42.0,18.0,61,2025-06-10 09:12:37+00:00
1,61,78,42.0,18.0,61,2025-06-10 09:12:38+00:00
1,61,78,42.0,18.0,61,2025-06-10 09:12:39+00:00
1,61,78,40.0,18.0,61,2025-06-10 09:12:40+00:00
1,60,78,40.0,18.0,60,2025-06-10 09:12:41+00:00
1,60,78,40.0,18.0,60,2025-06-10 09:12:42+00:00
1,60,78,40.0,18.0,60,2025-06-10 09:12:43+00:00
1,60,78,40.0,18.0,60,2025-06-10 09:12:44+00:00
1,60,78,37.0,19.0,60,2025-06-10 09:12:45+00:00
2,59,78,37.0,19.0,59,2025-06-10 09:12:46+00:00
2,58,78,37.0,19.0,58,2025-06-10 09:12:47+00:00
2,58,78,37.0,20.0,58,2025-06-10 09:12:48+00:00
2,58,78,37.0,20.0,58,2025-06-10 09:12:49+00:00
2,58,78,27.0,19.0,58,2025-06-10 09:12:50+00:00
2,58,78,27.0,19.0,58,2025-06-10 09:12:51+00:00
2,58,78,27.0,19.0,58,2025-06-10 09:12:52+00:00
16,59,78,27.0,19.0,59,2025-06-10 09:12:53+00:00
16,61,78,27.0,19.0,61,2025-06-10 09:12:54+00:00
16,63,78,24.0,19.0,63,2025-06-10 09:12:55+00:00
15,65,78,24.0,19.0,65,2025-06-10 09:12:56+00:00
12,67,78,24.0,19.0,67,2025-06-10 09:12:57+00:00
11,69,78,24.0,19.0,69,2025-06-10 09:12:58+00:00
7,71,78,24.0,19.0,71,2025-06-10 09:12:59+00:00
5,73,78,21.0,19.0,73,2025-06-10 09:13:00+00:00
5,73,78,21.0,19.0,73,2025-06-10 09:13:01+00:00
6,74,78,21.0,19.0,74,2025-06-10 09:13:02+00:00
6,74,78,21.0,19.0,74,2025-06-10 09:13:03+00:00
6,74,78,21.0,19.0,74,2025-06-10 09:13:04+00:00
6,74,78,21.0,19.0,74,2025-06-10 09:13:05+00:00
6,74,78,21.0,19.0,74,2025-06-10 09:13:06+00:00
6,74,78,21.0,19.0,74,2025-06-10 09:13:07+00:00
14,72,78,21.0,19.0,72,2025-06-10 09:13:08+00:00
15,70,78,21.0,19.0,70,2025-06-10 09:13:09+00:00
15,70,78,21.0,19.0,70,2025-06-10 09:13:10+00:00
17,68,78,21.0,19.0,68,2025-06-10 09:13:11+00:00
15,66,78,21.0,18.0,66,2025-06-10 09:13:12+00:00
10,64,78,21.0,18.0,64,2025-06-10 09:13:13+00:00
10,64,78,21.0,18.0,64,2025-06-10 09:13:14+00:00
10,64,78,22.0,18.0,64,2025-06-10 09:13:15+00:00
10,64,78,22.0,18.0,64,2025-06-10 09:13:16+00:00
10,64,78,22.0,18.0,64,2025-06-10 09:13:17+00:00
3,65,78,22.0,18.0,65,2025-06-10 09:13:18+00:00
3,65,78,22.0,18.0,65,2025-06-10 09:13:19+00:00
2,64,78,23.0,18.0,64,2025-06-10 09:13:20+00:00
2,64,78,23.0,18.0,64,2025-06-10 09:13:21+00:00
2,64,78,23.0,18.0,64,2025-06-10 09:13:22+00:00
2,64,78,23.0,18.0,64,2025-06-10 09:13:23+00:00
1,65,78,23.0,18.0,65,2025-06-10 09:13:24+00:00
1,64,78,24.0,18.0,64,2025-06-10 09:13:25+00:00
1,64,78,24.0,18.0,64,2025-06-10 09:13:26+00:00
1,63,78,24.0,18.0,63,2025-06-10 09:13:27+00:00
1,63,78,24.0,18.0,63,2025-06-10 09:13:28+00:00
1,63,78,24.0,17.0,63,2025-06-10 09:13:29+00:00
3,65,78,27.0,17.0,65,2025-06-10 09:13:30+00:00
2,68,78,27.0,17.0,68,2025-06-10 09:13:31+00:00
1,70,78,27.0,17.0,70,2025-06-10 09:13:32+00:00
1,70,78,27.0,17.0,70,2025-06-10 09:13:33+00:00
0,73,78,27.0,16.0,73,2025-06-10 09:13:34+00:00
0,73,78,30.0,16.0,73,2025-06-10 09:13:35+00:00
2,72,78,30.0,16.0,72,2025-06-10 09:13:36+00:00
2,71,78,30.0,16.0,71,2025-06-10 09:13:37+00:00
2,71,78,30.0,16.0,71,2025-06-10 09:13:38+00:00
0,70,78,30.0,16.0,70,2025-06-10 09:13:39+00:00
0,70,78,32.0,16.0,70,2025-06-10 09:13:40+00:00
0,70,78,32.0,16.0,70,2025-06-10 09:13:41+00:00
1,71,78,32.0,16.0,71,2025-06-10 09:13:42+00:00
1,71,78,32.0,16.0,71,2025-06-10 09:13:43+00:00
1,71,78,32.0,16.0,71,2025-06-10 09:13:44+00:00
1,71,78,32.0,16.0,71,2025-06-10 09:13:45+00:00
1,70,78,32.0,16.0,70,2025-06-10 09:13:46+00:00
1,70,78,32.0,16.0,70,2025-06-10 09:13:47+00:00
1,70,78,32.0,16.0,70,2025-06-10 09:13:48+00:00
1,69,78,32.0,16.0,69,2025-06-10 09:13:49+00:00
1,69,78,31.0,16.0,69,2025-06-10 09:13:50+00:00
1,68,78,31.0,16.0,68,2025-06-10 09:13:51+00:00
1,68,78,31.0,16.0,68,2025-06-10 09:13:52+00:00
1,67,78,31.0,16.0,67,2025-06-10 09:13:53+00:00
1,67,78,31.0,16.0,67,2025-06-10 09:13:54+00:00
1,67,78,30.0,16.0,67,2025-06-10 09:13:55+00:00
1,67,78,30.0,16.0,67,2025-06-10 09:13:56+00:00
1,67,78,30.0,16.0,67,2025-06-10 09:13:57+00:00
1,67,78,30.0,16.0,67,2025-06-10 09:13:58+00:00
1,67,78,30.0,16.0,67,2025-06-10 09:13:59+00:00
4,68,78,30.0,16.0,68,2025-06-10 09:14:00+00:00
2,67,78,30.0,16.0,67,2025-06-10 09:14:01+00:00
2,67,78,30.0,16.0,67,2025-06-10 09:14:02+00:00
3,66,78,30.0,16.0,66,2025-06-10 09:14:03+00:00
3,67,78,30.0,16.0,67,2025-06-10 09:14:04+00:00
3,67,78,30.0,16.0,67,2025-06-10 09:14:05+00:00
3,67,78,30.0,16.0,67,2025-06-10 09:14:06+00:00
4,71,78,30.0,16.0,71,2025-06-10 09:14:07+00:00
3,73,78,30.0,16.0,73,2025-06-10 09:14:08+00:00
3,75,78,30.0,16.0,75,2025-06-10 09:14:09+00:00
2,76,78,29.0,16.0,76,2025-06-10 09:14:10+00:00
2,77,78,29.0,16.0,77,2025-06-10 09:14:11+00:00
2,77,78,29.0,16.0,77,2025-06-10 09:14:12+00:00
2,77,78,29.0,16.0,77,2025-06-10 09:14:13+00:00
3,76,78,29.0,16.0,76,2025-06-10 09:14:14+00:00
2,75,78,32.0,16.0,75,2025-06-10 09:14:15+00:00
1,72,78,32.0,16.0,72,2025-06-10 09:14:16+00:00
1,71,78,32.0,16.0,71,2025-06-10 09:14:17+00:00
0,70,78,32.0,16.0,70,2025-06-10 09:14:18+00:00
0,69,78,32.0,16.0,69,2025-06-10 09:14:19+00:00
0,69,78,33.0,16.0,69,2025-06-10 09:14:20+00:00
0,68,78,33.0,16.0,68,2025-06-10 09:14:21+00:00
0,68,78,33.0,16.0,68,2025-06-10 09:14:22+00:00
0,67,78,33.0,16.0,67,2025-06-10 09:14:23+00:00
0,67,78,33.0,16.0,67,2025-06-10 09:14:24+00:00
0,67,78,33.0,16.0,67,2025-06-10 09:14:25+00:00
0,67,78,33.0,16.0,67,2025-06-10 09:14:26+00:00
0,67,78,33.0,16.0,67,2025-06-10 09:14:27+00:00
1,68,78,33.0,16.0,68,2025-06-10 09:14:28+00:00
2,69,78,33.0,16.0,69,2025-06-10 09:14:29+00:00
2,69,78,33.0,16.0,69,2025-06-10 09:14:30+00:00
4,71,78,33.0,16.0,71,2025-06-10 09:14:31+00:00
5,72,78,33.0,16.0,72,2025-06-10 09:14:32+00:00
7,73,78,33.0,16.0,73,2025-06-10 09:14:33+00:00
7,73,78,33.0,16.0,73,2025-06-10 09:14:34+00:00
7,73,78,35.0,16.0,73,2025-06-10 09:14:35+00:00
10,72,78,35.0,16.0,72,2025-06-10 09:14:36+00:00
7,70,78,35.0,17.0,70,2025-06-10 09:14:37+00:00
4,69,78,35.0,17.0,69,2025-06-10 09:14:38+00:00
4,69,78,35.0,17.0,69,2025-06-10 09:14:39+00:00
1,68,78,35.0,17.0,68,2025-06-10 09:14:40+00:00
1,66,78,35.0,17.0,66,2025-06-10 09:14:41+00:00
1,65,78,35.0,17.0,65,2025-06-10 09:14:42+00:00
1,65,78,35.0,17.0,65,2025-06-10 09:14:43+00:00
1,65,78,35.0,18.0,65,2025-06-10 09:14:44+00:00
1,65,78,33.0,18.0,65,2025-06-10 09:14:45+00:00
1,66,78,33.0,18.0,66,2025-06-10 09:14:46+00:00
1,66,78,33.0,18.0,66,2025-06-10 09:14:47+00:00
1,66,78,33.0,18.0,66,2025-06-10 09:14:48+00:00
1,65,78,33.0,18.0,65,2025-06-10 09:14:49+00:00
1,66,78,32.0,18.0,66,2025-06-10 09:14:50+00:00
1,65,78,32.0,18.0,65,2025-06-10 09:14:51+00:00
1,65,78,32.0,18.0,65,2025-06-10 09:14:52+00:00
1,65,78,32.0,18.0,65,2025-06-10 09:14:53+00:00
1,65,78,32.0,18.0,65,2025-06-10 09:14:54+00:00
1,65,78,33.0,18.0,65,2025-06-10 09:14:55+00:00
1,65,78,33.0,18.0,65,2025-06-10 09:14:56+00:00
1,65,78,33.0,18.0,65,2025-06-10 09:14:57+00:00
1,67,78,33.0,18.0,67,2025-06-10 09:14:58+00:00
1,67,78,33.0,19.0,67,2025-06-10 09:14:59+00:00
1,67,78,33.0,19.0,67,2025-06-10 09:15:00+00:00
0,69,78,33.0,19.0,69,2025-06-10 09:15:01+00:00
0,69,78,33.0,19.0,69,2025-06-10 09:15:02+00:00
0,70,78,33.0,19.0,70,2025-06-10 09:15:03+00:00
0,70,78,33.0,19.0,70,2025-06-10 09:15:04+00:00
0,69,78,30.0,19.0,69,2025-06-10 09:15:05+00:00
0,68,78,30.0,19.0,68,2025-06-10 09:15:06+00:00
0,67,78,30.0,19.0,67,2025-06-10 09:15:07+00:00
1,66,78,30.0,19.0,66,2025-06-10 09:15:08+00:00
1,65,78,30.0,18.0,65,2025-06-10 09:15:09+00:00
3,64,78,30.0,18.0,64,2025-06-10 09:15:10+00:00
3,64,78,30.0,18.0,64,2025-06-10 09:15:11+00:00
2,62,78,30.0,18.0,62,2025-06-10 09:15:12+00:00
2,61,78,30.0,18.0,61,2025-06-10 09:15:13+00:00
2,61,78,30.0,18.0,61,2025-06-10 09:15:14+00:00
2,61,78,30.0,18.0,61,2025-06-10 09:15:15+00:00
2,62,78,30.0,18.0,62,2025-06-10 09:15:16+00:00
2,61,78,30.0,18.0,61,2025-06-10 09:15:17+00:00
2,61,78,30.0,18.0,61,2025-06-10 09:15:18+00:00
2,61,78,30.0,17.0,61,2025-06-10 09:15:19+00:00
2,61,78,30.0,17.0,61,2025-06-10 09:15:20+00:00
4,62,78,30.0,17.0,62,2025-06-10 09:15:21+00:00
4,62,78,30.0,17.0,62,2025-06-10 09:15:22+00:00
8,63,78,30.0,17.0,63,2025-06-10 09:15:23+00:00
8,63,78,30.0,17.0,63,2025-06-10 09:15:24+00:00
10,65,78,30.0,17.0,65,2025-06-10 09:15:25+00:00
8,67,78,30.0,17.0,67,2025-06-10 09:15:26+00:00
9,68,78,30.0,15.0,68,2025-06-10 09:15:27+00:00
8,69,78,30.0,15.0,69,2025-06-10 09:15:28+00:00
6,70,78,30.0,15.0,70,2025-06-10 09:15:29+00:00
2,71,78,30.0,15.0,71,2025-06-10 09:15:30+00:00
2,71,78,30.0,15.0,71,2025-06-10 09:15:31+00:00
2,69,78,30.0,15.0,69,2025-06-10 09:15:32+00:00
1,68,78,30.0,15.0,68,2025-06-10 09:15:33+00:00
1,68,78,30.0,15.0,68,2025-06-10 09:15:34+00:00
1,67,78,24.0,15.0,67,2025-06-10 09:15:35+00:00
1,67,78,24.0,13.0,67,2025-06-10 09:15:36+00:00
2,66,78,24.0,13.0,66,2025-06-10 09:15:37+00:00
2,66,78,24.0,12.0,66,2025-06-10 09:15:38+00:00
2,66,78,24.0,12.0,66,2025-06-10 09:15:39+00:00
2,66,78,21.0,12.0,66,2025-06-10 09:15:40+00:00
1,65,78,21.0,12.0,65,2025-06-10 09:15:41+00:00
1,65,78,21.0,12.0,65,2025-06-10 09:15:42+00:00
1,65,78,21.0,12.0,65,2025-06-10 09:15:43+00:00
1,65,78,21.0,11.0,65,2025-06-10 09:15:44+00:00
3,64,78,21.0,11.0,64,2025-06-10 09:15:45+00:00
3,64,78,21.0,11.0,64,2025-06-10 09:15:46+00:00
3,64,78,21.0,11.0,64,2025-06-10 09:15:47+00:00
3,64,78,21.0,11.0,64,2025-06-10 09:15:48+00:00
4,65,78,21.0,11.0,65,2025-06-10 09:15:49+00:00
4,65,78,20.0,11.0,65,2025-06-10 09:15:50+00:00
4,65,78,20.0,11.0,65,2025-06-10 09:15:51+00:00
6,68,78,20.0,12.0,68,2025-06-10 09:15:52+00:00
2,71,78,20.0,12.0,71,2025-06-10 09:15:53+00:00
2,72,78,20.0,12.0,72,2025-06-10 09:15:54+00:00
2,72,78,20.0,12.0,72,2025-06-10 09:15:55+00:00
2,72,78,20.0,12.0,72,2025-06-10 09:15:56+00:00
1,71,78,20.0,12.0,71,2025-06-10 09:15:57+00:00
1,71,78,20.0,12.0,71,2025-06-10 09:15:58+00:00
1,71,78,20.0,12.0,71,2025-06-10 09:15:59+00:00
1,70,78,18.0,12.0,70,2025-06-10 09:16:00+00:00
1,71,78,18.0,12.0,71,2025-06-10 09:16:01+00:00
1,71,78,18.0,12.0,71,2025-06-10 09:16:02+00:00
1,71,78,18.0,12.0,71,2025-06-10 09:16:03+00:00
2,72,78,18.0,12.0,72,2025-06-10 09:16:04+00:00
2,72,78,19.0,12.0,72,2025-06-10 09:16:05+00:00
1,73,78,19.0,13.0,73,2025-06-10 09:16:06+00:00
1,73,78,19.0,13.0,73,2025-06-10 09:16:07+00:00
1,73,78,19.0,13.0,73,2025-06-10 09:16:08+00:00
1,73,78,19.0,13.0,73,2025-06-10 09:16:09+00:00
3,72,78,22.0,13.0,72,2025-06-10 09:16:10+00:00
3,72,78,22.0,13.0,72,2025-06-10 09:16:11+00:00
1,71,78,22.0,13.0,71,2025-06-10 09:16:12+00:00
3,72,78,22.0,14.0,72,2025-06-10 09:16:13+00:00
3,72,78,22.0,14.0,72,2025-06-10 09:16:14+00:00
3,72,78,24.0,15.0,72,2025-06-10 09:16:15+00:00
3,72,78,24.0,16.0,72,2025-06-10 09:16:16+00:00
6,73,78,24.0,16.0,73,2025-06-10 09:16:17+00:00
6,73,78,24.0,16.0,73,2025-06-10 09:16:18+00:00
6,73,78,24.0,16.0,73,2025-06-10 09:16:19+00:00
6,73,78,26.0,16.0,73,2025-06-10 09:16:20+00:00
6,73,78,26.0,16.0,73,2025-06-10 09:16:21+00:00
6,73,78,26.0,16.0,73,2025-06-10 09:16:22+00:00
6,73,78,26.0,16.0,73,2025-06-10 09:16:23+00:00
6,74,78,26.0,16.0,74,2025-06-10 09:16:24+00:00
4,73,78,30.0,17.0,73,2025-06-10 09:16:25+00:00
1,74,78,30.0,17.0,74,2025-06-10 09:16:26+00:00
1,74,78,30.0,17.0,74,2025-06-10 09:16:27+00:00
1,74,78,30.0,17.0,74,2025-06-10 09:16:28+00:00
1,74,78,30.0,17.0,74,2025-06-10 09:16:29+00:00
1,74,78,39.0,17.0,74,2025-06-10 09:16:30+00:00
1,74,78,39.0,17.0,74,2025-06-10 09:16:31+00:00
9,76,78,39.0,17.0,76,2025-06-10 09:16:32+00:00
6,81,78,39.0,17.0,81,2025-06-10 09:16:33+00:00
4,84,78,39.0,17.0,84,2025-06-10 09:16:34+00:00
5,85,78,45.0,17.0,85,2025-06-10 09:16:35+00:00
6,86,78,45.0,18.0,86,2025-06-10 09:16:36+00:00
5,87,78,45.0,18.0,87,2025-06-10 09:16:37+00:00
4,89,78,45.0,18.0,89,2025-06-10 09:16:38+00:00
2,91,78,45.0,18.0,91,2025-06-10 09:16:39+00:00
2,91,78,50.0,18.0,91,2025-06-10 09:16:40+00:00
3,92,78,50.0,18.0,92,2025-06-10 09:16:41+00:00
3,92,78,50.0,18.0,92,2025-06-10 09:16:42+00:00
3,92,78,50.0,18.0,92,2025-06-10 09:16:43+00:00
3,92,78,50.0,18.0,92,2025-06-10 09:16:44+00:00
3,92,78,56.0,18.0,92,2025-06-10 09:16:45+00:00
3,92,78,56.0,18.0,92,2025-06-10 09:16:46+00:00
10,89,78,56.0,18.0,89,2025-06-10 09:16:47+00:00
11,87,78,56.0,18.0,87,2025-06-10 09:16:48+00:00
12,85,78,56.0,18.0,85,2025-06-10 09:16:49+00:00
12,85,78,62.0,18.0,85,2025-06-10 09:16:50+00:00
15,86,78,62.0,18.0,86,2025-06-10 09:16:51+00:00
16,87,78,62.0,18.0,87,2025-06-10 09:16:52+00:00
16,87,78,62.0,18.0,87,2025-06-10 09:16:53+00:00
19,86,78,62.0,18.0,86,2025-06-10 09:16:54+00:00
19,86,78,70.0,18.0,86,2025-06-10 09:16:55+00:00
21,85,78,70.0,18.0,85,2025-06-10 09:16:56+00:00
21,85,78,70.0,18.0,85,2025-06-10 09:16:57+00:00
29,86,78,70.0,18.0,86,2025-06-10 09:16:58+00:00
29,86,78,70.0,17.0,86,2025-06-10 09:16:59+00:00
29,86,77,75.0,17.0,86,2025-06-10 09:17:00+00:00
29,86,77,75.0,17.0,86,2025-06-10 09:17:01+00:00
50,87,77,75.0,18.0,87,2025-06-10 09:17:02+00:00
50,87,77,75.0,18.0,87,2025-06-10 09:17:03+00:00
50,87,77,75.0,18.0,87,2025-06-10 09:17:04+00:00
59,88,77,81.0,18.0,88,2025-06-10 09:17:05+00:00
59,88,77,81.0,18.0,88,2025-06-10 09:17:06+00:00
49,87,77,81.0,18.0,87,2025-06-10 09:17:07+00:00
32,84,77,81.0,18.0,84,2025-06-10 09:17:08+00:00
27,82,77,81.0,18.0,82,2025-06-10 09:17:09+00:00
27,81,77,84.0,17.0,81,2025-06-10 09:17:10+00:00
18,80,77,84.0,17.0,80,2025-06-10 09:17:11+00:00
20,79,77,84.0,17.0,79,2025-06-10 09:17:12+00:00
20,79,77,84.0,17.0,79,2025-06-10 09:17:13+00:00
20,79,77,84.0,17.0,79,2025-06-10 09:17:14+00:00
20,79,77,73.0,17.0,79,2025-06-10 09:17:15+00:00
20,79,77,73.0,17.0,79,2025-06-10 09:17:16+00:00
39,80,77,73.0,17.0,80,2025-06-10 09:17:17+00:00
39,80,77,73.0,17.0,80,2025-06-10 09:17:18+00:00
39,80,77,73.0,17.0,80,2025-06-10 09:17:19+00:00
47,81,77,70.0,17.0,81,2025-06-10 09:17:20+00:00
37,80,77,70.0,17.0,80,2025-06-10 09:17:21+00:00
32,82,77,70.0,17.0,82,2025-06-10 09:17:22+00:00
31,84,77,70.0,17.0,84,2025-06-10 09:17:23+00:00
32,85,77,70.0,17.0,85,2025-06-10 09:17:24+00:00
5,87,77,70.0,17.0,87,2025-06-10 09:17:25+00:00
5,87,77,70.0,17.0,87,2025-06-10 09:17:26+00:00
13,88,77,70.0,17.0,88,2025-06-10 09:17:27+00:00
13,88,77,70.0,17.0,88,2025-06-10 09:17:28+00:00
13,88,77,70.0,17.0,88,2025-06-10 09:17:29+00:00
13,88,77,69.0,17.0,88,2025-06-10 09:17:30+00:00
37,87,77,69.0,17.0,87,2025-06-10 09:17:31+00:00
37,87,77,69.0,17.0,87,2025-06-10 09:17:32+00:00
51,88,77,69.0,17.0,88,2025-06-10 09:17:33+00:00
56,87,77,69.0,17.0,87,2025-06-10 09:17:34+00:00
56,87,77,75.0,17.0,87,2025-06-10 09:17:35+00:00
56,87,77,75.0,17.0,87,2025-06-10 09:17:36+00:00
68,86,77,75.0,17.0,86,2025-06-10 09:17:37+00:00
68,87,77,75.0,17.0,87,2025-06-10 09:17:38+00:00
63,85,77,75.0,17.0,85,2025-06-10 09:17:39+00:00
39,81,77,75.0,17.0,81,2025-06-10 09:17:40+00:00
18,76,77,75.0,17.0,76,2025-06-10 09:17:41+00:00
21,75,77,75.0,17.0,75,2025-06-10 09:17:42+00:00
21,75,77,75.0,17.0,75,2025-06-10 09:17:43+00:00
23,72,77,75.0,17.0,72,2025-06-10 09:17:44+00:00
17,70,77,61.0,17.0,70,2025-06-10 09:17:45+00:00
11,68,77,61.0,17.0,68,2025-06-10 09:17:46+00:00
4,67,77,61.0,17.0,67,2025-06-10 09:17:47+00:00
2,66,77,61.0,17.0,66,2025-06-10 09:17:48+00:00
2,66,77,61.0,17.0,66,2025-06-10 09:17:49+00:00
2,66,77,54.0,17.0,66,2025-06-10 09:17:50+00:00
2,66,77,54.0,17.0,66,2025-06-10 09:17:51+00:00
1,67,77,54.0,17.0,67,2025-06-10 09:17:52+00:00
1,67,77,54.0,17.0,67,2025-06-10 09:17:53+00:00
1,67,77,54.0,17.0,67,2025-06-10 09:17:54+00:00
1,68,77,49.0,17.0,68,2025-06-10 09:17:55+00:00
1,68,77,49.0,17.0,68,2025-06-10 09:17:56+00:00
1,68,77,49.0,17.0,68,2025-06-10 09:17:57+00:00
1,68,77,49.0,17.0,68,2025-06-10 09:17:58+00:00
1,67,77,49.0,17.0,67,2025-06-10 09:17:59+00:00
1,67,77,47.0,17.0,67,2025-06-10 09:18:00+00:00
1,66,77,47.0,17.0,66,2025-06-10 09:18:01+00:00
1,65,77,47.0,17.0,65,2025-06-10 09:18:02+00:00
3,64,77,47.0,17.0,64,2025-06-10 09:18:03+00:00
4,63,77,47.0,17.0,63,2025-06-10 09:18:04+00:00
2,59,77,36.0,17.0,59,2025-06-10 09:18:05+00:00
2,57,77,36.0,17.0,57,2025-06-10 09:18:06+00:00
2,56,77,36.0,17.0,56,2025-06-10 09:18:07+00:00
2,56,77,36.0,17.0,56,2025-06-10 09:18:08+00:00
2,56,77,36.0,17.0,56,2025-06-10 09:18:09+00:00
2,56,77,25.0,17.0,56,2025-06-10 09:18:10+00:00
2,56,77,25.0,16.0,56,2025-06-10 09:18:11+00:00
1,57,77,25.0,16.0,57,2025-06-10 09:18:12+00:00
1,57,77,25.0,16.0,57,2025-06-10 09:18:13+00:00
2,58,77,25.0,16.0,58,2025-06-10 09:18:14+00:00
1,60,77,23.0,16.0,60,2025-06-10 09:18:15+00:00
0,62,77,23.0,16.0,62,2025-06-10 09:18:16+00:00
0,62,77,23.0,16.0,62,2025-06-10 09:18:17+00:00
0,63,77,23.0,17.0,63,2025-06-10 09:18:18+00:00
0,63,77,23.0,17.0,63,2025-06-10 09:18:19+00:00
2,64,77,22.0,17.0,64,2025-06-10 09:18:20+00:00
1,65,77,22.0,17.0,65,2025-06-10 09:18:21+00:00
1,67,77,22.0,17.0,67,2025-06-10 09:18:22+00:00
1,68,77,22.0,16.0,68,2025-06-10 09:18:23+00:00
1,69,77,22.0,16.0,69,2025-06-10 09:18:24+00:00
1,71,77,22.0,16.0,71,2025-06-10 09:18:25+00:00
1,72,77,22.0,16.0,72,2025-06-10 09:18:26+00:00
1,72,77,22.0,16.0,72,2025-06-10 09:18:27+00:00
1,72,77,22.0,16.0,72,2025-06-10 09:18:28+00:00
1,72,77,22.0,16.0,72,2025-06-10 09:18:29+00:00
2,71,77,22.0,16.0,71,2025-06-10 09:18:30+00:00
2,71,77,22.0,16.0,71,2025-06-10 09:18:31+00:00
2,71,77,22.0,16.0,71,2025-06-10 09:18:32+00:00
2,71,77,22.0,16.0,71,2025-06-10 09:18:33+00:00
1,70,77,22.0,17.0,70,2025-06-10 09:18:34+00:00
1,71,77,23.0,17.0,71,2025-06-10 09:18:35+00:00
1,70,77,23.0,17.0,70,2025-06-10 09:18:36+00:00
1,70,77,23.0,17.0,70,2025-06-10 09:18:37+00:00
1,69,77,23.0,17.0,69,2025-06-10 09:18:38+00:00
1,69,77,23.0,17.0,69,2025-06-10 09:18:39+00:00
1,67,77,24.0,17.0,67,2025-06-10 09:18:40+00:00
1,66,77,24.0,18.0,66,2025-06-10 09:18:41+00:00
1,65,77,24.0,18.0,65,2025-06-10 09:18:42+00:00
1,64,77,24.0,18.0,64,2025-06-10 09:18:43+00:00
1,64,77,24.0,18.0,64,2025-06-10 09:18:44+00:00
1,64,77,24.0,18.0,64,2025-06-10 09:18:45+00:00
1,64,77,24.0,18.0,64,2025-06-10 09:18:46+00:00
5,65,77,24.0,18.0,65,2025-06-10 09:18:47+00:00
5,65,77,24.0,18.0,65,2025-06-10 09:18:48+00:00
5,65,77,24.0,18.0,65,2025-06-10 09:18:49+00:00
5,65,77,23.0,18.0,65,2025-06-10 09:18:50+00:00
8,66,77,23.0,19.0,66,2025-06-10 09:18:51+00:00
4,67,77,23.0,19.0,67,2025-06-10 09:18:52+00:00
3,68,77,23.0,19.0,68,2025-06-10 09:18:53+00:00
2,69,77,23.0,19.0,69,2025-06-10 09:18:54+00:00
2,69,77,23.0,19.0,69,2025-06-10 09:18:55+00:00
2,69,77,23.0,19.0,69,2025-06-10 09:18:56+00:00
3,70,77,23.0,19.0,70,2025-06-10 09:18:57+00:00
2,69,77,23.0,19.0,69,2025-06-10 09:18:58+00:00
3,68,77,23.0,19.0,68,2025-06-10 09:18:59+00:00
3,68,77,23.0,19.0,68,2025-06-10 09:19:00+00:00
4,67,77,23.0,19.0,67,2025-06-10 09:19:01+00:00
4,67,77,23.0,19.0,67,2025-06-10 09:19:02+00:00
4,67,77,23.0,19.0,67,2025-06-10 09:19:03+00:00
4,67,77,23.0,19.0,67,2025-06-10 09:19:04+00:00
4,67,77,22.0,19.0,67,2025-06-10 09:19:05+00:00
4,67,77,22.0,19.0,67,2025-06-10 09:19:06+00:00
4,67,77,22.0,19.0,67,2025-06-10 09:19:07+00:00
4,67,77,22.0,19.0,67,2025-06-10 09:19:08+00:00
4,67,77,22.0,19.0,67,2025-06-10 09:19:09+00:00
17,68,77,23.0,19.0,68,2025-06-10 09:19:10+00:00
17,68,77,23.0,19.0,68,2025-06-10 09:19:11+00:00
17,68,77,23.0,19.0,68,2025-06-10 09:19:12+00:00
33,69,77,23.0,19.0,69,2025-06-10 09:19:13+00:00
34,73,77,23.0,19.0,73,2025-06-10 09:19:14+00:00
25,77,77,24.0,18.0,77,2025-06-10 09:19:15+00:00
9,81,77,24.0,18.0,81,2025-06-10 09:19:16+00:00
6,82,77,24.0,18.0,82,2025-06-10 09:19:17+00:00
6,82,77,24.0,18.0,82,2025-06-10 09:19:18+00:00
8,81,77,24.0,18.0,81,2025-06-10 09:19:19+00:00
6,80,77,30.0,18.0,80,2025-06-10 09:19:20+00:00
4,79,77,30.0,18.0,79,2025-06-10 09:19:21+00:00
4,79,77,30.0,18.0,79,2025-06-10 09:19:22+00:00
7,77,77,30.0,18.0,77,2025-06-10 09:19:23+00:00
8,76,77,30.0,17.0,76,2025-06-10 09:19:24+00:00
10,75,77,31.0,17.0,75,2025-06-10 09:19:25+00:00
10,75,77,31.0,17.0,75,2025-06-10 09:19:26+00:00
11,73,77,31.0,17.0,73,2025-06-10 09:19:27+00:00
8,70,77,31.0,17.0,70,2025-06-10 09:19:28+00:00
6,68,77,31.0,17.0,68,2025-06-10 09:19:29+00:00
6,68,77,33.0,17.0,68,2025-06-10 09:19:30+00:00
6,68,77,33.0,17.0,68,2025-06-10 09:19:31+00:00
6,67,77,33.0,17.0,67,2025-06-10 09:19:32+00:00
6,67,77,33.0,15.0,67,2025-06-10 09:19:33+00:00
6,67,77,33.0,13.0,67,2025-06-10 09:19:34+00:00
6,67,77,32.0,13.0,67,2025-06-10 09:19:35+00:00
2,68,77,32.0,13.0,68,2025-06-10 09:19:36+00:00
2,68,77,32.0,13.0,68,2025-06-10 09:19:37+00:00
2,68,77,32.0,13.0,68,2025-06-10 09:19:38+00:00
2,67,77,32.0,13.0,67,2025-06-10 09:19:39+00:00
1,68,77,33.0,13.0,68,2025-06-10 09:19:40+00:00
1,68,77,33.0,13.0,68,2025-06-10 09:19:41+00:00
1,68,77,33.0,13.0,68,2025-06-10 09:19:42+00:00
2,70,77,33.0,13.0,70,2025-06-10 09:19:43+00:00
3,71,77,33.0,13.0,71,2025-06-10 09:19:44+00:00
3,71,77,34.0,12.0,71,2025-06-10 09:19:45+00:00
2,72,77,34.0,12.0,72,2025-06-10 09:19:46+00:00
1,70,77,34.0,12.0,70,2025-06-10 09:19:47+00:00
1,70,77,34.0,12.0,70,2025-06-10 09:19:48+00:00
3,71,77,34.0,12.0,71,2025-06-10 09:19:49+00:00
0,69,77,33.0,12.0,69,2025-06-10 09:19:50+00:00
0,67,77,33.0,12.0,67,2025-06-10 09:19:51+00:00
0,67,77,33.0,12.0,67,2025-06-10 09:19:52+00:00
0,66,77,33.0,12.0,66,2025-06-10 09:19:53+00:00
0,66,77,33.0,12.0,66,2025-06-10 09:19:54+00:00
0,66,77,33.0,12.0,66,2025-06-10 09:19:55+00:00
0,66,77,33.0,12.0,66,2025-06-10 09:19:56+00:00
0,67,77,33.0,12.0,67,2025-06-10 09:19:57+00:00
1,66,77,33.0,10.0,66,2025-06-10 09:19:58+00:00
1,66,77,33.0,10.0,66,2025-06-10 09:19:59+00:00
1,66,77,33.0,10.0,66,2025-06-10 09:20:00+00:00
1,67,77,33.0,10.0,67,2025-06-10 09:20:01+00:00
1,67,77,33.0,10.0,67,2025-06-10 09:20:02+00:00
1,67,77,33.0,10.0,67,2025-06-10 09:20:03+00:00
0,66,77,33.0,10.0,66,2025-06-10 09:20:04+00:00
0,66,77,33.0,10.0,66,2025-06-10 09:20:05+00:00
0,66,77,33.0,10.0,66,2025-06-10 09:20:06+00:00
0,66,77,33.0,10.0,66,2025-06-10 09:20:07+00:00
0,66,77,33.0,10.0,66,2025-06-10 09:20:08+00:00
1,67,77,33.0,10.0,67,2025-06-10 09:20:09+00:00
1,66,77,32.0,10.0,66,2025-06-10 09:20:10+00:00
1,66,77,32.0,10.0,66,2025-06-10 09:20:11+00:00
1,65,77,32.0,10.0,65,2025-06-10 09:20:12+00:00
1,64,77,32.0,10.0,64,2025-06-10 09:20:13+00:00
1,64,77,32.0,10.0,64,2025-06-10 09:20:14+00:00
1,64,77,30.0,10.0,64,2025-06-10 09:20:15+00:00
1,64,77,30.0,10.0,64,2025-06-10 09:20:16+00:00
1,63,77,30.0,10.0,63,2025-06-10 09:20:17+00:00
1,64,77,30.0,10.0,64,2025-06-10 09:20:18+00:00
1,64,77,30.0,10.0,64,2025-06-10 09:20:19+00:00
1,65,77,30.0,10.0,65,2025-06-10 09:20:20+00:00
1,65,77,30.0,10.0,65,2025-06-10 09:20:21+00:00
1,65,77,30.0,10.0,65,2025-06-10 09:20:22+00:00
1,65,77,30.0,10.0,65,2025-06-10 09:20:23+00:00
1,65,77,30.0,10.0,65,2025-06-10 09:20:24+00:00
11,64,77,29.0,10.0,64,2025-06-10 09:20:25+00:00
11,64,77,29.0,10.0,64,2025-06-10 09:20:26+00:00
11,63,77,29.0,10.0,63,2025-06-10 09:20:27+00:00
9,66,77,29.0,10.0,66,2025-06-10 09:20:28+00:00
8,69,77,29.0,10.0,69,2025-06-10 09:20:29+00:00
2,73,77,29.0,10.0,73,2025-06-10 09:20:30+00:00
1,74,77,29.0,10.0,74,2025-06-10 09:20:31+00:00
1,75,77,29.0,10.0,75,2025-06-10 09:20:32+00:00
1,75,77,29.0,10.0,75,2025-06-10 09:20:33+00:00
1,75,77,29.0,10.0,75,2025-06-10 09:20:34+00:00
1,75,77,29.0,10.0,75,2025-06-10 09:20:35+00:00
1,75,77,29.0,10.0,75,2025-06-10 09:20:36+00:00
14,76,77,29.0,10.0,76,2025-06-10 09:20:37+00:00
9,78,77,29.0,10.0,78,2025-06-10 09:20:38+00:00
9,78,77,29.0,10.0,78,2025-06-10 09:20:39+00:00
8,79,77,31.0,10.0,79,2025-06-10 09:20:40+00:00
8,77,77,31.0,10.0,77,2025-06-10 09:20:41+00:00
5,75,77,31.0,10.0,75,2025-06-10 09:20:42+00:00
11,74,77,31.0,10.0,74,2025-06-10 09:20:43+00:00
11,74,77,31.0,10.0,74,2025-06-10 09:20:44+00:00
11,74,77,33.0,10.0,74,2025-06-10 09:20:45+00:00
11,74,77,33.0,10.0,74,2025-06-10 09:20:46+00:00
11,74,77,33.0,10.0,74,2025-06-10 09:20:47+00:00
11,74,77,33.0,10.0,74,2025-06-10 09:20:48+00:00
28,71,77,33.0,10.0,71,2025-06-10 09:20:49+00:00
22,67,77,41.0,10.0,67,2025-06-10 09:20:50+00:00
13,63,77,41.0,11.0,63,2025-06-10 09:20:51+00:00
13,63,77,41.0,11.0,63,2025-06-10 09:20:52+00:00
20,65,77,41.0,11.0,65,2025-06-10 09:20:53+00:00
23,67,77,41.0,11.0,67,2025-06-10 09:20:54+00:00
23,69,77,39.0,11.0,69,2025-06-10 09:20:55+00:00
13,72,77,39.0,11.0,72,2025-06-10 09:20:56+00:00
3,73,77,39.0,11.0,73,2025-06-10 09:20:57+00:00
2,72,77,39.0,11.0,72,2025-06-10 09:20:58+00:00
2,72,77,39.0,12.0,72,2025-06-10 09:20:59+00:00
2,72,77,42.0,12.0,72,2025-06-10 09:21:00+00:00
2,72,77,42.0,12.0,72,2025-06-10 09:21:01+00:00
9,71,77,42.0,12.0,71,2025-06-10 09:21:02+00:00
9,71,77,42.0,12.0,71,2025-06-10 09:21:03+00:00
9,71,77,42.0,12.0,71,2025-06-10 09:21:04+00:00
9,71,77,46.0,12.0,71,2025-06-10 09:21:05+00:00
15,72,77,46.0,12.0,72,2025-06-10 09:21:06+00:00
17,71,77,46.0,12.0,71,2025-06-10 09:21:07+00:00
17,71,77,46.0,12.0,71,2025-06-10 09:21:08+00:00
17,71,77,46.0,12.0,71,2025-06-10 09:21:09+00:00
17,71,77,50.0,12.0,71,2025-06-10 09:21:10+00:00
27,70,77,50.0,12.0,70,2025-06-10 09:21:11+00:00
27,70,77,50.0,12.0,70,2025-06-10 09:21:12+00:00
31,69,77,50.0,12.0,69,2025-06-10 09:21:13+00:00
33,68,77,50.0,12.0,68,2025-06-10 09:21:14+00:00
33,68,77,48.0,12.0,68,2025-06-10 09:21:15+00:00
33,68,77,48.0,12.0,68,2025-06-10 09:21:16+00:00
33,68,77,48.0,12.0,68,2025-06-10 09:21:17+00:00
33,68,77,48.0,12.0,68,2025-06-10 09:21:18+00:00
33,68,77,48.0,12.0,68,2025-06-10 09:21:19+00:00
33,69,77,44.0,12.0,69,2025-06-10 09:21:20+00:00
33,69,77,44.0,12.0,69,2025-06-10 09:21:21+00:00
33,69,77,44.0,12.0,69,2025-06-10 09:21:22+00:00
30,70,77,44.0,12.0,70,2025-06-10 09:21:23+00:00
30,70,77,44.0,12.0,70,2025-06-10 09:21:24+00:00
23,71,77,45.0,12.0,71,2025-06-10 09:21:25+00:00
20,72,77,45.0,12.0,72,2025-06-10 09:21:26+00:00
20,72,77,45.0,12.0,72,2025-06-10 09:21:27+00:00
18,73,77,45.0,12.0,73,2025-06-10 09:21:28+00:00
18,73,77,45.0,12.0,73,2025-06-10 09:21:29+00:00
18,73,77,47.0,12.0,73,2025-06-10 09:21:30+00:00
13,72,77,47.0,12.0,72,2025-06-10 09:21:31+00:00
6,71,77,47.0,12.0,71,2025-06-10 09:21:32+00:00
6,71,77,47.0,12.0,71,2025-06-10 09:21:33+00:00
6,71,77,47.0,13.0,71,2025-06-10 09:21:34+00:00
2,70,77,43.0,13.0,70,2025-06-10 09:21:35+00:00
2,69,77,43.0,13.0,69,2025-06-10 09:21:36+00:00
2,69,77,43.0,13.0,69,2025-06-10 09:21:37+00:00
2,69,77,43.0,13.0,69,2025-06-10 09:21:38+00:00
2,69,77,43.0,13.0,69,2025-06-10 09:21:39+00:00
2,69,77,39.0,13.0,69,2025-06-10 09:21:40+00:00
10,68,77,39.0,13.0,68,2025-06-10 09:21:41+00:00
10,69,77,39.0,13.0,69,2025-06-10 09:21:42+00:00
10,69,77,39.0,13.0,69,2025-06-10 09:21:43+00:00
12,70,77,39.0,13.0,70,2025-06-10 09:21:44+00:00
18,72,77,39.0,13.0,72,2025-06-10 09:21:45+00:00
25,73,77,39.0,13.0,73,2025-06-10 09:21:46+00:00
25,73,77,39.0,13.0,73,2025-06-10 09:21:47+00:00
25,73,77,39.0,14.0,73,2025-06-10 09:21:48+00:00
25,73,77,39.0,14.0,73,2025-06-10 09:21:49+00:00
25,73,77,42.0,14.0,73,2025-06-10 09:21:50+00:00
25,73,77,42.0,14.0,73,2025-06-10 09:21:51+00:00
41,72,77,42.0,14.0,72,2025-06-10 09:21:52+00:00
41,74,77,42.0,14.0,74,2025-06-10 09:21:53+00:00
27,78,77,42.0,14.0,78,2025-06-10 09:21:54+00:00
22,80,77,41.0,14.0,80,2025-06-10 09:21:55+00:00
22,82,77,41.0,14.0,82,2025-06-10 09:21:56+00:00
14,85,77,41.0,15.0,85,2025-06-10 09:21:57+00:00
2,89,77,41.0,15.0,89,2025-06-10 09:21:58+00:00
2,89,77,41.0,16.0,89,2025-06-10 09:21:59+00:00
2,88,77,37.0,16.0,88,2025-06-10 09:22:00+00:00
2,88,77,37.0,16.0,88,2025-06-10 09:22:01+00:00
2,88,77,37.0,16.0,88,2025-06-10 09:22:02+00:00
2,88,77,37.0,16.0,88,2025-06-10 09:22:03+00:00
2,88,77,37.0,16.0,88,2025-06-10 09:22:04+00:00
39,89,77,49.0,16.0,89,2025-06-10 09:22:05+00:00
39,89,77,49.0,16.0,89,2025-06-10 09:22:06+00:00
47,88,77,49.0,16.0,88,2025-06-10 09:22:07+00:00
48,86,77,49.0,16.0,86,2025-06-10 09:22:08+00:00
36,83,77,49.0,16.0,83,2025-06-10 09:22:09+00:00
24,81,77,63.0,16.0,81,2025-06-10 09:22:10+00:00
21,80,77,63.0,16.0,80,2025-06-10 09:22:11+00:00
21,80,77,63.0,16.0,80,2025-06-10 09:22:12+00:00
17,81,77,63.0,20.0,81,2025-06-10 09:22:13+00:00
17,81,77,63.0,20.0,81,2025-06-10 09:22:14+00:00
17,81,77,67.0,20.0,81,2025-06-10 09:22:15+00:00
17,81,77,67.0,20.0,81,2025-06-10 09:22:16+00:00
17,81,77,67.0,20.0,81,2025-06-10 09:22:17+00:00
17,81,77,67.0,20.0,81,2025-06-10 09:22:18+00:00
17,81,77,67.0,20.0,81,2025-06-10 09:22:19+00:00
38,80,77,67.0,20.0,80,2025-06-10 09:22:20+00:00
32,78,77,67.0,20.0,78,2025-06-10 09:22:21+00:00
22,76,77,67.0,20.0,76,2025-06-10 09:22:22+00:00
19,75,77,67.0,20.0,75,2025-06-10 09:22:23+00:00
19,75,77,67.0,20.0,75,2025-06-10 09:22:24+00:00
8,78,77,75.0,20.0,78,2025-06-10 09:22:25+00:00
2,80,77,75.0,19.0,80,2025-06-10 09:22:26+00:00
1,81,77,75.0,19.0,81,2025-06-10 09:22:27+00:00
1,81,77,75.0,19.0,81,2025-06-10 09:22:28+00:00
1,81,77,75.0,19.0,81,2025-06-10 09:22:29+00:00
1,81,77,74.0,19.0,81,2025-06-10 09:22:30+00:00
1,82,77,74.0,19.0,82,2025-06-10 09:22:31+00:00
1,82,77,74.0,19.0,82,2025-06-10 09:22:32+00:00
1,82,77,74.0,19.0,82,2025-06-10 09:22:33+00:00
1,82,77,74.0,19.0,82,2025-06-10 09:22:34+00:00
2,81,77,75.0,19.0,81,2025-06-10 09:22:35+00:00
2,81,77,75.0,19.0,81,2025-06-10 09:22:36+00:00
2,81,77,75.0,18.0,81,2025-06-10 09:22:37+00:00
2,81,77,75.0,18.0,81,2025-06-10 09:22:38+00:00
2,81,77,75.0,17.0,81,2025-06-10 09:22:39+00:00
2,81,77,75.0,17.0,81,2025-06-10 09:22:40+00:00
2,81,77,75.0,17.0,81,2025-06-10 09:22:41+00:00
2,81,77,75.0,17.0,81,2025-06-10 09:22:42+00:00
2,81,77,75.0,17.0,81,2025-06-10 09:22:43+00:00
1,82,77,75.0,17.0,82,2025-06-10 09:22:44+00:00
1,81,77,74.0,17.0,81,2025-06-10 09:22:45+00:00
1,81,77,74.0,17.0,81,2025-06-10 09:22:46+00:00
1,81,77,74.0,17.0,81,2025-06-10 09:22:47+00:00
1,81,77,74.0,17.0,81,2025-06-10 09:22:48+00:00
6,80,77,74.0,17.0,80,2025-06-10 09:22:49+00:00
6,80,77,74.0,17.0,80,2025-06-10 09:22:50+00:00
5,79,77,74.0,17.0,79,2025-06-10 09:22:51+00:00
5,79,77,74.0,17.0,79,2025-06-10 09:22:52+00:00
3,78,77,74.0,17.0,78,2025-06-10 09:22:53+00:00
3,78,77,74.0,17.0,78,2025-06-10 09:22:54+00:00
0,79,77,73.0,17.0,79,2025-06-10 09:22:55+00:00
0,79,77,73.0,17.0,79,2025-06-10 09:22:56+00:00
0,79,77,73.0,17.0,79,2025-06-10 09:22:57+00:00
0,78,77,73.0,17.0,78,2025-06-10 09:22:58+00:00
0,78,77,73.0,17.0,78,2025-06-10 09:22:59+00:00
1,79,77,73.0,17.0,79,2025-06-10 09:23:00+00:00
1,80,77,73.0,17.0,80,2025-06-10 09:23:01+00:00
0,81,77,73.0,17.0,81,2025-06-10 09:23:02+00:00
0,82,77,73.0,19.0,82,2025-06-10 09:23:03+00:00
0,82,77,73.0,19.0,82,2025-06-10 09:23:04+00:00
0,83,77,74.0,19.0,83,2025-06-10 09:23:05+00:00
0,84,77,74.0,19.0,84,2025-06-10 09:23:06+00:00
0,84,77,74.0,19.0,84,2025-06-10 09:23:07+00:00
0,84,77,74.0,19.0,84,2025-06-10 09:23:08+00:00
0,84,77,74.0,19.0,84,2025-06-10 09:23:09+00:00
0,84,77,75.0,19.0,84,2025-06-10 09:23:10+00:00
4,83,77,75.0,19.0,83,2025-06-10 09:23:11+00:00
4,82,77,75.0,19.0,82,2025-06-10 09:23:12+00:00
4,82,77,75.0,19.0,82,2025-06-10 09:23:13+00:00
4,82,77,75.0,19.0,82,2025-06-10 09:23:14+00:00
2,83,77,75.0,18.0,83,2025-06-10 09:23:15+00:00
3,82,77,75.0,18.0,82,2025-06-10 09:23:16+00:00
3,82,77,75.0,18.0,82,2025-06-10 09:23:17+00:00
11,81,77,75.0,18.0,81,2025-06-10 09:23:18+00:00
11,81,77,75.0,18.0,81,2025-06-10 09:23:19+00:00
6,80,77,74.0,18.0,80,2025-06-10 09:23:20+00:00
6,80,77,74.0,18.0,80,2025-06-10 09:23:21+00:00
5,79,77,74.0,18.0,79,2025-06-10 09:23:22+00:00
9,78,77,74.0,18.0,78,2025-06-10 09:23:23+00:00
9,78,77,74.0,18.0,78,2025-06-10 09:23:24+00:00
9,78,77,75.0,18.0,78,2025-06-10 09:23:25+00:00
9,78,77,75.0,18.0,78,2025-06-10 09:23:26+00:00
9,78,77,75.0,18.0,78,2025-06-10 09:23:27+00:00
8,77,77,75.0,18.0,77,2025-06-10 09:23:28+00:00
8,77,77,75.0,18.0,77,2025-06-10 09:23:29+00:00
8,77,77,76.0,18.0,77,2025-06-10 09:23:30+00:00
8,77,77,76.0,18.0,77,2025-06-10 09:23:31+00:00
8,77,77,76.0,18.0,77,2025-06-10 09:23:32+00:00
8,77,77,76.0,18.0,77,2025-06-10 09:23:33+00:00
8,77,77,76.0,18.0,77,2025-06-10 09:23:34+00:00
8,77,77,73.0,18.0,77,2025-06-10 09:23:35+00:00
42,78,77,73.0,18.0,78,2025-06-10 09:23:36+00:00
45,79,77,73.0,18.0,79,2025-06-10 09:23:37+00:00
41,83,77,73.0,18.0,83,2025-06-10 09:23:38+00:00
28,88,77,73.0,18.0,88,2025-06-10 09:23:39+00:00
16,92,77,70.0,18.0,92,2025-06-10 09:23:40+00:00
5,94,77,70.0,18.0,94,2025-06-10 09:23:41+00:00
5,94,77,70.0,18.0,94,2025-06-10 09:23:42+00:00
5,94,77,70.0,18.0,94,2025-06-10 09:23:43+00:00
5,94,77,70.0,18.0,94,2025-06-10 09:23:44+00:00
5,93,77,69.0,18.0,93,2025-06-10 09:23:45+00:00
7,94,77,69.0,18.0,94,2025-06-10 09:23:46+00:00
6,93,77,69.0,18.0,93,2025-06-10 09:23:47+00:00
6,93,77,69.0,18.0,93,2025-06-10 09:23:48+00:00
6,93,77,69.0,18.0,93,2025-06-10 09:23:49+00:00
3,94,77,69.0,18.0,94,2025-06-10 09:23:50+00:00
3,93,77,69.0,18.0,93,2025-06-10 09:23:51+00:00
3,93,77,69.0,17.0,93,2025-06-10 09:23:52+00:00
3,93,77,69.0,17.0,93,2025-06-10 09:23:53+00:00
3,93,77,69.0,17.0,93,2025-06-10 09:23:54+00:00
3,93,77,74.0,17.0,93,2025-06-10 09:23:55+00:00
3,93,77,74.0,16.0,93,2025-06-10 09:23:56+00:00
3,94,77,74.0,16.0,94,2025-06-10 09:23:57+00:00
3,93,77,74.0,16.0,93,2025-06-10 09:23:58+00:00
3,93,77,74.0,16.0,93,2025-06-10 09:23:59+00:00
2,94,77,78.0,16.0,94,2025-06-10 09:24:00+00:00
2,93,77,78.0,16.0,93,2025-06-10 09:24:01+00:00
2,93,77,78.0,16.0,93,2025-06-10 09:24:02+00:00
2,93,77,78.0,16.0,93,2025-06-10 09:24:03+00:00
2,93,77,78.0,16.0,93,2025-06-10 09:24:04+00:00
2,93,77,82.0,16.0,93,2025-06-10 09:24:05+00:00
2,93,77,82.0,16.0,93,2025-06-10 09:24:06+00:00
2,93,77,82.0,16.0,93,2025-06-10 09:24:07+00:00
2,93,77,82.0,16.0,93,2025-06-10 09:24:08+00:00
1,94,77,82.0,16.0,94,2025-06-10 09:24:09+00:00
2,93,77,88.0,16.0,93,2025-06-10 09:24:10+00:00
2,93,77,88.0,16.0,93,2025-06-10 09:24:11+00:00
2,94,77,88.0,16.0,94,2025-06-10 09:24:12+00:00
2,93,77,88.0,16.0,93,2025-06-10 09:24:13+00:00
2,93,77,88.0,16.0,93,2025-06-10 09:24:14+00:00
2,93,77,88.0,16.0,93,2025-06-10 09:24:15+00:00
2,93,77,88.0,16.0,93,2025-06-10 09:24:16+00:00
2,92,77,88.0,16.0,92,2025-06-10 09:24:17+00:00
2,92,77,88.0,16.0,92,2025-06-10 09:24:18+00:00
2,92,77,88.0,16.0,92,2025-06-10 09:24:19+00:00
2,93,77,88.0,16.0,93,2025-06-10 09:24:20+00:00
2,93,77,88.0,16.0,93,2025-06-10 09:24:21+00:00
1,94,77,88.0,16.0,94,2025-06-10 09:24:22+00:00
0,93,77,88.0,16.0,93,2025-06-10 09:24:23+00:00
0,93,77,88.0,16.0,93,2025-06-10 09:24:24+00:00
0,93,77,89.0,16.0,93,2025-06-10 09:24:25+00:00
0,94,77,89.0,16.0,94,2025-06-10 09:24:26+00:00
2,93,77,89.0,16.0,93,2025-06-10 09:24:27+00:00
3,94,77,89.0,16.0,94,2025-06-10 09:24:28+00:00
3,94,77,89.0,16.0,94,2025-06-10 09:24:29+00:00
13,93,77,90.0,16.0,93,2025-06-10 09:24:30+00:00
16,94,77,90.0,17.0,94,2025-06-10 09:24:31+00:00
23,92,77,90.0,17.0,92,2025-06-10 09:24:32+00:00
27,89,77,90.0,17.0,89,2025-06-10 09:24:33+00:00
26,83,77,90.0,17.0,83,2025-06-10 09:24:34+00:00
31,82,77,90.0,17.0,82,2025-06-10 09:24:35+00:00
21,79,77,90.0,17.0,79,2025-06-10 09:24:36+00:00
9,77,77,90.0,17.0,77,2025-06-10 09:24:37+00:00
9,77,77,90.0,17.0,77,2025-06-10 09:24:38+00:00
13,76,77,90.0,17.0,76,2025-06-10 09:24:39+00:00
13,76,77,89.0,17.0,76,2025-06-10 09:24:40+00:00
13,76,77,89.0,17.0,76,2025-06-10 09:24:41+00:00
20,75,77,89.0,17.0,75,2025-06-10 09:24:42+00:00
13,74,77,89.0,17.0,74,2025-06-10 09:24:43+00:00
13,74,77,89.0,17.0,74,2025-06-10 09:24:44+00:00
13,74,77,84.0,17.0,74,2025-06-10 09:24:45+00:00
13,74,77,84.0,17.0,74,2025-06-10 09:24:46+00:00
3,76,77,84.0,17.0,76,2025-06-10 09:24:47+00:00
3,76,77,84.0,17.0,76,2025-06-10 09:24:48+00:00
3,76,77,84.0,17.0,76,2025-06-10 09:24:49+00:00
3,76,77,78.0,17.0,76,2025-06-10 09:24:50+00:00
10,77,77,78.0,18.0,77,2025-06-10 09:24:51+00:00
10,78,77,78.0,18.0,78,2025-06-10 09:24:52+00:00
10,78,77,78.0,18.0,78,2025-06-10 09:24:53+00:00
13,79,77,78.0,18.0,79,2025-06-10 09:24:54+00:00
12,80,77,75.0,18.0,80,2025-06-10 09:24:55+00:00
12,80,77,75.0,18.0,80,2025-06-10 09:24:56+00:00
12,80,77,75.0,18.0,80,2025-06-10 09:24:57+00:00
10,81,77,75.0,18.0,81,2025-06-10 09:24:58+00:00
4,82,77,75.0,18.0,82,2025-06-10 09:24:59+00:00
4,82,76,72.0,18.0,82,2025-06-10 09:25:00+00:00
4,82,76,72.0,19.0,82,2025-06-10 09:25:01+00:00
4,82,76,72.0,19.0,82,2025-06-10 09:25:02+00:00
9,81,76,72.0,19.0,81,2025-06-10 09:25:03+00:00
10,79,76,72.0,19.0,79,2025-06-10 09:25:04+00:00
9,75,76,69.0,19.0,75,2025-06-10 09:25:05+00:00
8,71,76,69.0,19.0,71,2025-06-10 09:25:06+00:00
6,68,76,69.0,19.0,68,2025-06-10 09:25:07+00:00
4,65,76,69.0,19.0,65,2025-06-10 09:25:08+00:00
3,63,76,69.0,19.0,63,2025-06-10 09:25:09+00:00
3,62,76,60.0,19.0,62,2025-06-10 09:25:10+00:00
3,62,76,60.0,18.0,62,2025-06-10 09:25:11+00:00
2,61,76,60.0,18.0,61,2025-06-10 09:25:12+00:00
2,61,76,60.0,18.0,61,2025-06-10 09:25:13+00:00
2,60,76,60.0,18.0,60,2025-06-10 09:25:14+00:00
2,59,76,59.0,18.0,59,2025-06-10 09:25:15+00:00
1,57,76,59.0,18.0,57,2025-06-10 09:25:16+00:00
1,55,76,59.0,18.0,55,2025-06-10 09:25:17+00:00
1,56,76,59.0,18.0,56,2025-06-10 09:25:18+00:00
1,56,76,59.0,18.0,56,2025-06-10 09:25:19+00:00
1,56,76,60.0,18.0,56,2025-06-10 09:25:20+00:00
1,56,76,60.0,18.0,56,2025-06-10 09:25:21+00:00
1,56,76,60.0,18.0,56,2025-06-10 09:25:22+00:00
1,56,76,60.0,18.0,56,2025-06-10 09:25:23+00:00
13,57,76,60.0,18.0,57,2025-06-10 09:25:24+00:00
13,61,76,46.0,18.0,61,2025-06-10 09:25:25+00:00
11,65,76,46.0,18.0,65,2025-06-10 09:25:26+00:00
10,68,76,46.0,18.0,68,2025-06-10 09:25:27+00:00
8,71,76,46.0,17.0,71,2025-06-10 09:25:28+00:00
5,75,76,46.0,17.0,75,2025-06-10 09:25:29+00:00
3,76,76,37.0,17.0,76,2025-06-10 09:25:30+00:00
3,76,76,37.0,17.0,76,2025-06-10 09:25:31+00:00
3,76,76,37.0,17.0,76,2025-06-10 09:25:32+00:00
6,71,76,37.0,17.0,71,2025-06-10 09:25:33+00:00
5,64,76,37.0,17.0,64,2025-06-10 09:25:34+00:00
6,62,76,22.0,17.0,62,2025-06-10 09:25:35+00:00
7,61,76,22.0,17.0,61,2025-06-10 09:25:36+00:00
8,60,76,22.0,17.0,60,2025-06-10 09:25:37+00:00
5,58,76,22.0,17.0,58,2025-06-10 09:25:38+00:00
7,59,76,22.0,17.0,59,2025-06-10 09:25:39+00:00
7,61,76,22.0,17.0,61,2025-06-10 09:25:40+00:00
9,62,76,22.0,17.0,62,2025-06-10 09:25:41+00:00
10,63,76,22.0,17.0,63,2025-06-10 09:25:42+00:00
11,64,76,22.0,17.0,64,2025-06-10 09:25:43+00:00
11,65,76,22.0,17.0,65,2025-06-10 09:25:44+00:00
9,67,76,23.0,17.0,67,2025-06-10 09:25:45+00:00
6,68,76,23.0,17.0,68,2025-06-10 09:25:46+00:00
2,69,76,23.0,17.0,69,2025-06-10 09:25:47+00:00
2,69,76,23.0,11.0,69,2025-06-10 09:25:48+00:00
2,69,76,23.0,11.0,69,2025-06-10 09:25:49+00:00
2,69,76,24.0,11.0,69,2025-06-10 09:25:50+00:00
2,69,76,24.0,11.0,69,2025-06-10 09:25:51+00:00
2,69,76,24.0,11.0,69,2025-06-10 09:25:52+00:00
2,70,76,24.0,11.0,70,2025-06-10 09:25:53+00:00
2,70,76,24.0,11.0,70,2025-06-10 09:25:54+00:00
2,70,76,29.0,11.0,70,2025-06-10 09:25:55+00:00
3,71,76,29.0,11.0,71,2025-06-10 09:25:56+00:00
3,71,76,29.0,11.0,71,2025-06-10 09:25:57+00:00
3,72,76,29.0,11.0,72,2025-06-10 09:25:58+00:00
3,72,76,29.0,11.0,72,2025-06-10 09:25:59+00:00
1,73,76,34.0,11.0,73,2025-06-10 09:26:00+00:00
1,73,76,34.0,11.0,73,2025-06-10 09:26:01+00:00
1,73,76,34.0,12.0,73,2025-06-10 09:26:02+00:00
1,74,76,34.0,12.0,74,2025-06-10 09:26:03+00:00
1,74,76,34.0,12.0,74,2025-06-10 09:26:04+00:00
1,74,76,43.0,12.0,74,2025-06-10 09:26:05+00:00
2,73,76,43.0,12.0,73,2025-06-10 09:26:06+00:00
2,74,76,43.0,12.0,74,2025-06-10 09:26:07+00:00
2,74,76,43.0,13.0,74,2025-06-10 09:26:08+00:00
2,73,76,43.0,13.0,73,2025-06-10 09:26:09+00:00
4,74,76,49.0,13.0,74,2025-06-10 09:26:10+00:00
4,74,76,49.0,13.0,74,2025-06-10 09:26:11+00:00
1,73,76,49.0,13.0,73,2025-06-10 09:26:12+00:00
1,73,76,49.0,13.0,73,2025-06-10 09:26:13+00:00
1,73,76,49.0,13.0,73,2025-06-10 09:26:14+00:00
1,73,76,52.0,13.0,73,2025-06-10 09:26:15+00:00
1,73,76,52.0,13.0,73,2025-06-10 09:26:16+00:00
1,73,76,52.0,13.0,73,2025-06-10 09:26:17+00:00
0,72,76,52.0,14.0,72,2025-06-10 09:26:18+00:00
0,72,76,52.0,14.0,72,2025-06-10 09:26:19+00:00
1,71,76,53.0,14.0,71,2025-06-10 09:26:20+00:00
1,70,76,53.0,14.0,70,2025-06-10 09:26:21+00:00
1,69,76,53.0,14.0,69,2025-06-10 09:26:22+00:00
1,68,76,53.0,14.0,68,2025-06-10 09:26:23+00:00
1,68,76,53.0,14.0,68,2025-06-10 09:26:24+00:00
1,67,76,53.0,14.0,67,2025-06-10 09:26:25+00:00
1,67,76,53.0,14.0,67,2025-06-10 09:26:26+00:00
1,67,76,53.0,14.0,67,2025-06-10 09:26:27+00:00
1,67,76,53.0,14.0,67,2025-06-10 09:26:28+00:00
1,68,76,53.0,15.0,68,2025-06-10 09:26:29+00:00
1,68,76,48.0,15.0,68,2025-06-10 09:26:30+00:00
1,68,76,48.0,15.0,68,2025-06-10 09:26:31+00:00
1,68,76,48.0,15.0,68,2025-06-10 09:26:32+00:00
1,69,76,48.0,15.0,69,2025-06-10 09:26:33+00:00
0,68,76,48.0,15.0,68,2025-06-10 09:26:34+00:00
0,68,76,45.0,15.0,68,2025-06-10 09:26:35+00:00
0,68,76,45.0,15.0,68,2025-06-10 09:26:36+00:00
0,69,76,45.0,15.0,69,2025-06-10 09:26:37+00:00
0,69,76,45.0,15.0,69,2025-06-10 09:26:38+00:00
0,69,76,45.0,15.0,69,2025-06-10 09:26:39+00:00
0,69,76,39.0,15.0,69,2025-06-10 09:26:40+00:00
0,69,76,39.0,15.0,69,2025-06-10 09:26:41+00:00
0,69,76,39.0,15.0,69,2025-06-10 09:26:42+00:00
0,69,76,39.0,15.0,69,2025-06-10 09:26:43+00:00
0,69,76,39.0,15.0,69,2025-06-10 09:26:44+00:00
0,69,76,37.0,15.0,69,2025-06-10 09:26:45+00:00
0,69,76,37.0,15.0,69,2025-06-10 09:26:46+00:00
0,69,76,37.0,15.0,69,2025-06-10 09:26:47+00:00
3,70,76,37.0,15.0,70,2025-06-10 09:26:48+00:00
3,70,76,37.0,15.0,70,2025-06-10 09:26:49+00:00
3,70,76,37.0,15.0,70,2025-06-10 09:26:50+00:00
10,69,76,37.0,15.0,69,2025-06-10 09:26:51+00:00
10,69,76,37.0,15.0,69,2025-06-10 09:26:52+00:00
11,70,76,37.0,14.0,70,2025-06-10 09:26:53+00:00
11,70,76,37.0,14.0,70,2025-06-10 09:26:54+00:00
3,69,76,36.0,14.0,69,2025-06-10 09:26:55+00:00
3,69,76,36.0,14.0,69,2025-06-10 09:26:56+00:00
2,70,76,36.0,14.0,70,2025-06-10 09:26:57+00:00
1,71,76,36.0,15.0,71,2025-06-10 09:26:58+00:00
1,72,76,36.0,15.0,72,2025-06-10 09:26:59+00:00
1,72,76,37.0,15.0,72,2025-06-10 09:27:00+00:00
1,72,76,37.0,15.0,72,2025-06-10 09:27:01+00:00
3,71,76,37.0,15.0,71,2025-06-10 09:27:02+00:00
3,71,76,37.0,15.0,71,2025-06-10 09:27:03+00:00
3,71,76,37.0,15.0,71,2025-06-10 09:27:04+00:00
4,70,76,39.0,15.0,70,2025-06-10 09:27:05+00:00
4,70,76,39.0,15.0,70,2025-06-10 09:27:06+00:00
4,70,76,39.0,15.0,70,2025-06-10 09:27:07+00:00
4,70,76,39.0,15.0,70,2025-06-10 09:27:08+00:00
1,74,76,39.0,15.0,74,2025-06-10 09:27:09+00:00
1,75,76,42.0,15.0,75,2025-06-10 09:27:10+00:00
1,76,76,42.0,15.0,76,2025-06-10 09:27:11+00:00
1,76,76,42.0,15.0,76,2025-06-10 09:27:12+00:00
1,76,76,42.0,15.0,76,2025-06-10 09:27:13+00:00
1,75,76,42.0,15.0,75,2025-06-10 09:27:14+00:00
1,75,76,48.0,15.0,75,2025-06-10 09:27:15+00:00
1,74,76,48.0,15.0,74,2025-06-10 09:27:16+00:00
1,73,76,48.0,15.0,73,2025-06-10 09:27:17+00:00
0,72,76,48.0,15.0,72,2025-06-10 09:27:18+00:00
0,70,76,48.0,15.0,70,2025-06-10 09:27:19+00:00
0,70,76,47.0,15.0,70,2025-06-10 09:27:20+00:00
0,70,76,47.0,15.0,70,2025-06-10 09:27:21+00:00
0,70,76,47.0,15.0,70,2025-06-10 09:27:22+00:00
0,70,76,47.0,16.0,70,2025-06-10 09:27:23+00:00
0,70,76,47.0,16.0,70,2025-06-10 09:27:24+00:00
0,70,76,48.0,16.0,70,2025-06-10 09:27:25+00:00
1,69,76,48.0,16.0,69,2025-06-10 09:27:26+00:00
1,69,76,48.0,16.0,69,2025-06-10 09:27:27+00:00
1,69,76,48.0,16.0,69,2025-06-10 09:27:28+00:00
1,68,76,48.0,16.0,68,2025-06-10 09:27:29+00:00
1,68,76,47.0,16.0,68,2025-06-10 09:27:30+00:00
1,68,76,47.0,16.0,68,2025-06-10 09:27:31+00:00
1,68,76,47.0,16.0,68,2025-06-10 09:27:32+00:00
1,68,76,47.0,17.0,68,2025-06-10 09:27:33+00:00
1,68,76,47.0,17.0,68,2025-06-10 09:27:34+00:00
1,68,76,44.0,17.0,68,2025-06-10 09:27:35+00:00
1,68,76,44.0,17.0,68,2025-06-10 09:27:36+00:00
1,68,76,44.0,17.0,68,2025-06-10 09:27:37+00:00
1,68,76,44.0,17.0,68,2025-06-10 09:27:38+00:00
1,68,76,44.0,17.0,68,2025-06-10 09:27:39+00:00
1,68,76,39.0,17.0,68,2025-06-10 09:27:40+00:00
1,68,76,39.0,17.0,68,2025-06-10 09:27:41+00:00
1,67,76,39.0,17.0,67,2025-06-10 09:27:42+00:00
1,66,76,39.0,17.0,66,2025-06-10 09:27:43+00:00
1,64,76,39.0,17.0,64,2025-06-10 09:27:44+00:00
1,64,76,33.0,17.0,64,2025-06-10 09:27:45+00:00
1,63,76,33.0,17.0,63,2025-06-10 09:27:46+00:00
1,63,76,33.0,17.0,63,2025-06-10 09:27:47+00:00
1,63,76,33.0,17.0,63,2025-06-10 09:27:48+00:00
1,64,76,33.0,17.0,64,2025-06-10 09:27:49+00:00
1,64,76,32.0,17.0,64,2025-06-10 09:27:50+00:00
1,64,76,32.0,17.0,64,2025-06-10 09:27:51+00:00
1,63,76,32.0,17.0,63,2025-06-10 09:27:52+00:00
2,64,76,32.0,18.0,64,2025-06-10 09:27:53+00:00
3,63,76,32.0,18.0,63,2025-06-10 09:27:54+00:00
1,62,76,30.0,18.0,62,2025-06-10 09:27:55+00:00
1,62,76,30.0,18.0,62,2025-06-10 09:27:56+00:00
1,63,76,30.0,18.0,63,2025-06-10 09:27:57+00:00
1,63,76,30.0,18.0,63,2025-06-10 09:27:58+00:00
1,63,76,30.0,18.0,63,2025-06-10 09:27:59+00:00
1,63,76,30.0,18.0,63,2025-06-10 09:28:00+00:00
7,64,76,30.0,18.0,64,2025-06-10 09:28:01+00:00
6,67,76,30.0,18.0,67,2025-06-10 09:28:02+00:00
6,68,76,30.0,18.0,68,2025-06-10 09:28:03+00:00
11,69,76,30.0,18.0,69,2025-06-10 09:28:04+00:00
11,69,76,28.0,18.0,69,2025-06-10 09:28:05+00:00
11,69,76,28.0,18.0,69,2025-06-10 09:28:06+00:00
11,69,76,28.0,18.0,69,2025-06-10 09:28:07+00:00
11,69,76,28.0,18.0,69,2025-06-10 09:28:08+00:00
11,69,76,28.0,18.0,69,2025-06-10 09:28:09+00:00
4,68,76,28.0,18.0,68,2025-06-10 09:28:10+00:00
4,68,76,28.0,19.0,68,2025-06-10 09:28:11+00:00
7,69,76,28.0,19.0,69,2025-06-10 09:28:12+00:00
7,69,76,28.0,18.0,69,2025-06-10 09:28:13+00:00
7,69,76,28.0,18.0,69,2025-06-10 09:28:14+00:00
7,69,76,28.0,18.0,69,2025-06-10 09:28:15+00:00
7,69,76,28.0,18.0,69,2025-06-10 09:28:16+00:00
7,69,76,28.0,18.0,69,2025-06-10 09:28:17+00:00
4,68,76,28.0,18.0,68,2025-06-10 09:28:18+00:00
4,68,76,28.0,18.0,68,2025-06-10 09:28:19+00:00
4,68,76,27.0,18.0,68,2025-06-10 09:28:20+00:00
4,68,76,27.0,18.0,68,2025-06-10 09:28:21+00:00
4,68,76,27.0,18.0,68,2025-06-10 09:28:22+00:00
4,68,76,27.0,18.0,68,2025-06-10 09:28:23+00:00
20,67,76,27.0,18.0,67,2025-06-10 09:28:24+00:00
17,68,76,28.0,18.0,68,2025-06-10 09:28:25+00:00
15,65,76,28.0,18.0,65,2025-06-10 09:28:26+00:00
13,63,76,28.0,18.0,63,2025-06-10 09:28:27+00:00
10,61,76,28.0,18.0,61,2025-06-10 09:28:28+00:00
8,60,76,28.0,18.0,60,2025-06-10 09:28:29+00:00
8,60,76,30.0,18.0,60,2025-06-10 09:28:30+00:00
8,60,76,30.0,18.0,60,2025-06-10 09:28:31+00:00
8,60,76,30.0,18.0,60,2025-06-10 09:28:32+00:00
1,59,76,30.0,18.0,59,2025-06-10 09:28:33+00:00
1,59,76,30.0,18.0,59,2025-06-10 09:28:34+00:00
1,58,76,25.0,18.0,58,2025-06-10 09:28:35+00:00
1,58,76,25.0,18.0,58,2025-06-10 09:28:36+00:00
2,57,76,25.0,18.0,57,2025-06-10 09:28:37+00:00
2,56,76,25.0,18.0,56,2025-06-10 09:28:38+00:00
2,56,76,25.0,18.0,56,2025-06-10 09:28:39+00:00
1,55,76,23.0,18.0,55,2025-06-10 09:28:40+00:00
1,55,76,23.0,18.0,55,2025-06-10 09:28:41+00:00
1,54,76,23.0,14.0,54,2025-06-10 09:28:42+00:00
1,53,76,23.0,14.0,53,2025-06-10 09:28:43+00:00
1,53,76,23.0,14.0,53,2025-06-10 09:28:44+00:00
1,53,76,23.0,14.0,53,2025-06-10 09:28:45+00:00
1,53,76,23.0,14.0,53,2025-06-10 09:28:46+00:00
1,53,76,23.0,14.0,53,2025-06-10 09:28:47+00:00
1,52,76,23.0,14.0,52,2025-06-10 09:28:48+00:00
1,53,76,23.0,14.0,53,2025-06-10 09:28:49+00:00
1,53,76,22.0,14.0,53,2025-06-10 09:28:50+00:00
1,52,76,22.0,14.0,52,2025-06-10 09:28:51+00:00
1,53,76,22.0,14.0,53,2025-06-10 09:28:52+00:00
1,53,76,22.0,14.0,53,2025-06-10 09:28:53+00:00
1,52,76,22.0,14.0,52,2025-06-10 09:28:54+00:00
2,53,76,21.0,14.0,53,2025-06-10 09:28:55+00:00
2,53,76,21.0,14.0,53,2025-06-10 09:28:56+00:00
1,52,76,21.0,14.0,52,2025-06-10 09:28:57+00:00
1,53,76,21.0,14.0,53,2025-06-10 09:28:58+00:00
1,53,76,21.0,14.0,53,2025-06-10 09:28:59+00:00
1,52,76,17.0,14.0,52,2025-06-10 09:29:00+00:00
1,53,76,17.0,14.0,53,2025-06-10 09:29:01+00:00
1,53,76,17.0,15.0,53,2025-06-10 09:29:02+00:00
1,54,76,17.0,15.0,54,2025-06-10 09:29:03+00:00
1,54,76,17.0,15.0,54,2025-06-10 09:29:04+00:00
1,56,76,15.0,15.0,56,2025-06-10 09:29:05+00:00
0,57,76,15.0,15.0,57,2025-06-10 09:29:06+00:00
0,58,76,15.0,15.0,58,2025-06-10 09:29:07+00:00
0,59,76,15.0,15.0,59,2025-06-10 09:29:08+00:00
0,59,76,15.0,16.0,59,2025-06-10 09:29:09+00:00
0,60,76,16.0,16.0,60,2025-06-10 09:29:10+00:00
0,60,76,16.0,16.0,60,2025-06-10 09:29:11+00:00
0,60,76,16.0,17.0,60,2025-06-10 09:29:12+00:00
0,61,76,16.0,17.0,61,2025-06-10 09:29:13+00:00
0,61,76,16.0,17.0,61,2025-06-10 09:29:14+00:00
0,61,76,17.0,17.0,61,2025-06-10 09:29:15+00:00
0,61,76,17.0,17.0,61,2025-06-10 09:29:16+00:00
1,60,76,17.0,17.0,60,2025-06-10 09:29:17+00:00
1,59,76,17.0,17.0,59,2025-06-10 09:29:18+00:00
1,57,76,17.0,17.0,57,2025-06-10 09:29:19+00:00
0,54,76,17.0,17.0,54,2025-06-10 09:29:20+00:00
0,53,76,17.0,17.0,53,2025-06-10 09:29:21+00:00
0,53,76,17.0,17.0,53,2025-06-10 09:29:22+00:00
0,53,76,17.0,17.0,53,2025-06-10 09:29:23+00:00
0,53,76,17.0,17.0,53,2025-06-10 09:29:24+00:00
0,53,76,16.0,17.0,53,2025-06-10 09:29:25+00:00
0,52,76,16.0,17.0,52,2025-06-10 09:29:26+00:00
0,52,76,16.0,17.0,52,2025-06-10 09:29:27+00:00
1,51,76,16.0,17.0,51,2025-06-10 09:29:28+00:00
1,51,76,16.0,17.0,51,2025-06-10 09:29:29+00:00
1,51,76,17.0,17.0,51,2025-06-10 09:29:30+00:00
1,51,76,17.0,17.0,51,2025-06-10 09:29:31+00:00
1,51,76,17.0,17.0,51,2025-06-10 09:29:32+00:00
1,50,76,17.0,17.0,50,2025-06-10 09:29:33+00:00
1,50,76,17.0,17.0,50,2025-06-10 09:29:34+00:00
1,50,76,16.0,16.0,50,2025-06-10 09:29:35+00:00
1,50,76,16.0,16.0,50,2025-06-10 09:29:36+00:00
1,49,76,16.0,16.0,49,2025-06-10 09:29:37+00:00
1,50,76,16.0,16.0,50,2025-06-10 09:29:38+00:00
1,50,76,16.0,16.0,50,2025-06-10 09:29:39+00:00
1,49,76,13.0,16.0,49,2025-06-10 09:29:40+00:00
1,49,76,13.0,16.0,49,2025-06-10 09:29:41+00:00
1,49,76,13.0,16.0,49,2025-06-10 09:29:42+00:00
1,48,76,13.0,16.0,48,2025-06-10 09:29:43+00:00
1,48,76,13.0,16.0,48,2025-06-10 09:29:44+00:00
1,48,76,10.0,16.0,48,2025-06-10 09:29:45+00:00
1,48,76,10.0,16.0,48,2025-06-10 09:29:46+00:00
1,48,76,10.0,16.0,48,2025-06-10 09:29:47+00:00
1,48,76,10.0,16.0,48,2025-06-10 09:29:48+00:00
1,49,76,10.0,16.0,49,2025-06-10 09:29:49+00:00
1,48,76,8.0,16.0,48,2025-06-10 09:29:50+00:00
1,49,76,8.0,16.0,49,2025-06-10 09:29:51+00:00
1,49,76,8.0,16.0,49,2025-06-10 09:29:52+00:00
1,49,76,8.0,16.0,49,2025-06-10 09:29:53+00:00
1,50,76,8.0,15.0,50,2025-06-10 09:29:54+00:00
1,50,76,7.0,15.0,50,2025-06-10 09:29:55+00:00
1,50,76,7.0,15.0,50,2025-06-10 09:29:56+00:00
1,49,76,7.0,15.0,49,2025-06-10 09:29:57+00:00
1,50,76,7.0,15.0,50,2025-06-10 09:29:58+00:00
1,50,76,7.0,15.0,50,2025-06-10 09:29:59+00:00
1,49,76,6.0,15.0,49,2025-06-10 09:30:00+00:00
1,50,76,6.0,15.0,50,2025-06-10 09:30:01+00:00
1,50,76,6.0,15.0,50,2025-06-10 09:30:02+00:00
1,50,76,6.0,15.0,50,2025-06-10 09:30:03+00:00
1,51,76,6.0,15.0,51,2025-06-10 09:30:04+00:00
1,51,76,6.0,15.0,51,2025-06-10 09:30:05+00:00
1,50,76,6.0,15.0,50,2025-06-10 09:30:06+00:00
1,50,76,6.0,15.0,50,2025-06-10 09:30:07+00:00
0,49,76,6.0,15.0,49,2025-06-10 09:30:08+00:00
0,50,76,6.0,15.0,50,2025-06-10 09:30:09+00:00
0,51,76,5.0,15.0,51,2025-06-10 09:30:10+00:00
1,52,76,5.0,16.0,52,2025-06-10 09:30:11+00:00
1,52,76,5.0,16.0,52,2025-06-10 09:30:12+00:00
2,51,76,5.0,16.0,51,2025-06-10 09:30:13+00:00
2,50,76,5.0,16.0,50,2025-06-10 09:30:14+00:00
2,50,76,6.0,16.0,50,2025-06-10 09:30:15+00:00
2,50,76,6.0,16.0,50,2025-06-10 09:30:16+00:00
2,54,76,6.0,16.0,54,2025-06-10 09:30:17+00:00
2,57,76,6.0,16.0,57,2025-06-10 09:30:18+00:00
1,56,76,6.0,16.0,56,2025-06-10 09:30:19+00:00
1,56,76,6.0,16.0,56,2025-06-10 09:30:20+00:00
1,56,76,6.0,16.0,56,2025-06-10 09:30:21+00:00
0,55,76,6.0,16.0,55,2025-06-10 09:30:22+00:00
0,54,76,6.0,16.0,54,2025-06-10 09:30:23+00:00
0,54,76,6.0,16.0,54,2025-06-10 09:30:24+00:00
0,54,76,6.0,16.0,54,2025-06-10 09:30:25+00:00
0,54,76,6.0,16.0,54,2025-06-10 09:30:26+00:00
0,54,76,6.0,16.0,54,2025-06-10 09:30:27+00:00
1,53,76,6.0,16.0,53,2025-06-10 09:30:28+00:00
1,52,76,6.0,16.0,52,2025-06-10 09:30:29+00:00
1,51,76,6.0,16.0,51,2025-06-10 09:30:30+00:00
0,50,76,6.0,16.0,50,2025-06-10 09:30:31+00:00
0,50,76,6.0,16.0,50,2025-06-10 09:30:32+00:00
0,50,76,6.0,16.0,50,2025-06-10 09:30:33+00:00
0,50,76,6.0,16.0,50,2025-06-10 09:30:34+00:00
0,50,76,6.0,16.0,50,2025-06-10 09:30:35+00:00
0,50,76,6.0,16.0,50,2025-06-10 09:30:36+00:00
0,50,76,6.0,16.0,50,2025-06-10 09:30:37+00:00
1,51,76,6.0,16.0,51,2025-06-10 09:30:38+00:00
1,51,76,6.0,16.0,51,2025-06-10 09:30:39+00:00
1,51,76,6.0,16.0,51,2025-06-10 09:30:40+00:00
1,51,76,6.0,16.0,51,2025-06-10 09:30:41+00:00
1,51,76,6.0,15.0,51,2025-06-10 09:30:42+00:00
1,51,76,6.0,15.0,51,2025-06-10 09:30:43+00:00
1,51,76,6.0,15.0,51,2025-06-10 09:30:44+00:00
1,51,76,5.0,15.0,51,2025-06-10 09:30:45+00:00
1,51,76,5.0,15.0,51,2025-06-10 09:30:46+00:00
1,50,76,5.0,15.0,50,2025-06-10 09:30:47+00:00
1,50,76,5.0,15.0,50,2025-06-10 09:30:48+00:00
1,50,76,5.0,15.0,50,2025-06-10 09:30:49+00:00
1,51,76,5.0,15.0,51,2025-06-10 09:30:50+00:00
1,51,76,5.0,15.0,51,2025-06-10 09:30:51+00:00
1,52,76,5.0,15.0,52,2025-06-10 09:30:52+00:00
0,51,76,5.0,15.0,51,2025-06-10 09:30:53+00:00
0,51,76,5.0,15.0,51,2025-06-10 09:30:54+00:00
0,51,76,5.0,15.0,51,2025-06-10 09:30:55+00:00
0,51,76,5.0,15.0,51,2025-06-10 09:30:56+00:00
0,50,76,5.0,15.0,50,2025-06-10 09:30:57+00:00
0,50,76,5.0,15.0,50,2025-06-10 09:30:58+00:00
0,50,76,5.0,15.0,50,2025-06-10 09:30:59+00:00
1,49,76,6.0,15.0,49,2025-06-10 09:31:00+00:00
1,50,76,6.0,14.0,50,2025-06-10 09:31:01+00:00
1,50,76,6.0,14.0,50,2025-06-10 09:31:02+00:00
1,50,76,6.0,14.0,50,2025-06-10 09:31:03+00:00
1,49,76,6.0,14.0,49,2025-06-10 09:31:04+00:00
1,50,76,6.0,14.0,50,2025-06-10 09:31:05+00:00
1,50,76,6.0,12.0,50,2025-06-10 09:31:06+00:00
1,50,76,6.0,12.0,50,2025-06-10 09:31:07+00:00
1,52,76,6.0,12.0,52,2025-06-10 09:31:08+00:00
1,53,76,6.0,12.0,53,2025-06-10 09:31:09+00:00
1,54,76,7.0,12.0,54,2025-06-10 09:31:10+00:00
0,55,76,7.0,12.0,55,2025-06-10 09:31:11+00:00
0,56,76,7.0,12.0,56,2025-06-10 09:31:12+00:00
0,57,76,7.0,12.0,57,2025-06-10 09:31:13+00:00
0,57,76,7.0,12.0,57,2025-06-10 09:31:14+00:00
0,58,76,8.0,12.0,58,2025-06-10 09:31:15+00:00
0,58,76,8.0,12.0,58,2025-06-10 09:31:16+00:00
0,59,76,8.0,12.0,59,2025-06-10 09:31:17+00:00
0,59,76,8.0,12.0,59,2025-06-10 09:31:18+00:00
0,60,76,8.0,12.0,60,2025-06-10 09:31:19+00:00
0,61,76,9.0,12.0,61,2025-06-10 09:31:20+00:00
0,63,76,9.0,12.0,63,2025-06-10 09:31:21+00:00
0,63,76,9.0,12.0,63,2025-06-10 09:31:22+00:00
0,63,76,9.0,12.0,63,2025-06-10 09:31:23+00:00
0,64,76,9.0,12.0,64,2025-06-10 09:31:24+00:00
0,64,76,10.0,12.0,64,2025-06-10 09:31:25+00:00
0,63,76,10.0,12.0,63,2025-06-10 09:31:26+00:00
0,63,76,10.0,12.0,63,2025-06-10 09:31:27+00:00
0,62,76,10.0,12.0,62,2025-06-10 09:31:28+00:00
0,62,76,10.0,12.0,62,2025-06-10 09:31:29+00:00
0,61,76,11.0,12.0,61,2025-06-10 09:31:30+00:00
0,62,76,11.0,12.0,62,2025-06-10 09:31:31+00:00
2,61,76,11.0,12.0,61,2025-06-10 09:31:32+00:00
5,62,76,11.0,12.0,62,2025-06-10 09:31:33+00:00
5,62,76,11.0,12.0,62,2025-06-10 09:31:34+00:00
6,63,76,14.0,12.0,63,2025-06-10 09:31:35+00:00
2,66,76,14.0,12.0,66,2025-06-10 09:31:36+00:00
1,67,76,14.0,12.0,67,2025-06-10 09:31:37+00:00
1,68,76,14.0,12.0,68,2025-06-10 09:31:38+00:00
1,68,76,14.0,12.0,68,2025-06-10 09:31:39+00:00
1,68,76,14.0,12.0,68,2025-06-10 09:31:40+00:00
5,67,76,14.0,12.0,67,2025-06-10 09:31:41+00:00
7,68,76,14.0,12.0,68,2025-06-10 09:31:42+00:00
7,68,76,14.0,12.0,68,2025-06-10 09:31:43+00:00
7,68,76,14.0,12.0,68,2025-06-10 09:31:44+00:00
7,68,76,15.0,12.0,68,2025-06-10 09:31:45+00:00
16,69,76,15.0,12.0,69,2025-06-10 09:31:46+00:00
17,70,76,15.0,12.0,70,2025-06-10 09:31:47+00:00
17,70,76,15.0,12.0,70,2025-06-10 09:31:48+00:00
24,72,76,15.0,12.0,72,2025-06-10 09:31:49+00:00
16,70,76,33.0,12.0,70,2025-06-10 09:31:50+00:00
4,69,76,33.0,12.0,69,2025-06-10 09:31:51+00:00
3,70,76,33.0,12.0,70,2025-06-10 09:31:52+00:00
9,71,76,33.0,12.0,71,2025-06-10 09:31:53+00:00
1,77,76,33.0,12.0,77,2025-06-10 09:31:54+00:00
1,78,76,32.0,12.0,78,2025-06-10 09:31:55+00:00
1,77,76,32.0,12.0,77,2025-06-10 09:31:56+00:00
1,77,76,32.0,12.0,77,2025-06-10 09:31:57+00:00
7,79,76,32.0,12.0,79,2025-06-10 09:31:58+00:00
7,79,76,32.0,12.0,79,2025-06-10 09:31:59+00:00
11,80,76,34.0,12.0,80,2025-06-10 09:32:00+00:00
11,80,76,34.0,13.0,80,2025-06-10 09:32:01+00:00
10,70,76,34.0,13.0,70,2025-06-10 09:32:02+00:00
7,68,76,34.0,13.0,68,2025-06-10 09:32:03+00:00
5,67,76,34.0,13.0,67,2025-06-10 09:32:04+00:00
5,67,76,34.0,13.0,67,2025-06-10 09:32:05+00:00
2,68,76,34.0,13.0,68,2025-06-10 09:32:06+00:00
3,69,76,34.0,13.0,69,2025-06-10 09:32:07+00:00
3,69,76,34.0,13.0,69,2025-06-10 09:32:08+00:00
3,69,76,34.0,13.0,69,2025-06-10 09:32:09+00:00
3,69,76,33.0,13.0,69,2025-06-10 09:32:10+00:00
